{"type":"FeatureCollection","crs":{"type":"name","properties":{"name":"EPSG:32611"}},"features":[{"type":"Feature","geometry":{"type":"LineString","coordinates":[[673434.3788832077,4016384.497513174],[673166.5828008668,4016056.826664866],[673149.4264412295,4016039.2201741375],[673104.2025391508,4015983.712289402],[673080.771226785,4015954.9528127434],[673079.8649661666,4015953.840484964],[673022.8238116981,4015883.8281366425],[673017.7051695329,4015877.5454976778],[673016.6507465638,4015876.2513751453],[672951.5692754814,4015796.370331491]]},"properties":{"FACNAME":"RANGE WASH - RAILROAD CHANNEL","W_FT":8,"D_H_FT":6,"FAC_DESC":"8' X 6' RCB","FACTYPE":27}},{"type":"Feature","geometry":{"type":"LineString","coordinates":[[670092.319742258,4009729.135647875],[670104.3049910892,4009349.971869335]]},"properties":{"FACNAME":"LAS VEGAS WASH - N CHANNEL","W_FT":18,"D_H_FT":10,"FAC_DESC":"CONC CHNL 18'W 10'D 2:1 SS","FACTYPE":3}},{"type":"Feature","geometry":{"type":"LineString","coordinates":[[668363.5033540337,4014585.732246617],[668556.0662598902,4014591.875080407],[668559.624370048,4014591.989543851]]},"properties":{"FACNAME":"ANN ROAD CHANNEL EAST","W_FT":10,"D_H_FT":7,"FAC_DESC":"10' X 7' RCB","FACTYPE":27}},{"type":"Feature","geometry":{"type":"LineString","coordinates":[[670004.1194848693,4011276.7050804296],[670047.2121637051,4011175.5501507116]]},"properties":{"FACNAME":"LAS VEGAS WASH - N CHANNEL","W_FT":20,"D_H_FT":6.5,"FAC_DESC":"20' X 6.5' RCAP","FACTYPE":28}},{"type":"Feature","geometry":{"type":"LineString","coordinates":[[668095.5910037068,4017006.8005078705],[668102.8210738426,4016997.7475032937],[668105.0074542492,4016995.6235157093],[668114.5323613768,4016983.726213067]]},"properties":{"FACNAME":"UPPER LAS VEGAS WASH","W_FT":42,"D_H_FT":8,"FAC_DESC":"CONC CHNL 42'W 8'D 0:1 SS","FACTYPE":3}},{"type":"Feature","geometry":{"type":"LineString","coordinates":[[669687.798385187,4011634.6371298297],[669805.72424992,4011576.876458691],[669812.4480102991,4011573.290647583],[669818.8252791116,4011569.119489188],[669824.2945146692,4011563.813197637],[669830.2075096642,4011559.0064629293],[669835.854006947,4011553.88918877]]},"properties":{"FACNAME":"LAS VEGAS WASH - N CHANNEL","W_FT":10,"D_H_FT":7,"FAC_DESC":"CONC CHNL 10'W 7'D 2:1 SS","FACTYPE":3}},{"type":"Feature","geometry":{"type":"LineString","coordinates":[[675973.5389199894,4015716.018532571],[675974.7412671238,4015651.966510119],[675984.8769934275,4015636.300507814],[676204.8326209291,4015627.61558896]]},"properties":{"FACNAME":"RANGE WASH - ANN BRANCH","W_FT":6,"D_H_FT":5,"FAC_DESC":"6' X 5' RCB","FACTYPE":27}},{"type":"Feature","geometry":{"type":"LineString","coordinates":[[670047.2121637051,4011175.5501507116],[670053.9700462401,4011114.3183126454],[670081.0298431406,4011071.382698134],[670083.2522990603,4010987.605883208]]},"properties":{"FACNAME":"LAS VEGAS WASH - N CHANNEL","W_FT":14,"D_H_FT":6,"FAC_DESC":"14' X 6' RCAP","FACTYPE":28}},{"type":"Feature","geometry":{"type":"LineString","coordinates":[[671124.4476039803,4017834.332032668],[671055.2587507822,4017828.7353368057],[671045.9336407467,4017828.9106608653],[671031.3191620107,4017831.2315680063],[671009.5760627079,4017835.341983504]]},"properties":{"FACNAME":"BELTWAY CONVEYANCE","W_FT":10,"D_H_FT":7,"FAC_DESC":"10' X 7' RCB","FACTYPE":27}},{"type":"Feature","geometry":{"type":"LineString","coordinates":[[673663.4823001154,4004974.593286759],[673681.08703616,4004943.851102048]]},"properties":{"FACNAME":"LAS VEGAS WASH - MIDDLE","W_FT":110,"D_H_FT":20,"FAC_DESC":"5 SPAN BRIDGE 110'W 20'D 2:1 SS @ BONANZA","FACTYPE":24}},{"type":"Feature","geometry":{"type":"LineString","coordinates":[[677545.3361765117,4005267.5514683523],[677520.8713887251,4005265.9467576467],[677465.0492664617,4005289.488300108],[677380.3302856819,4005388.518631018],[677112.9019897898,4005663.3243222646],[677036.9760808118,4005742.0897295843],[677028.158166365,4005764.0542579116],[677022.3300734645,4005866.4946128344]]},"properties":{"FACNAME":"EASTRIDGE CONVEYANCE TO WASHINGTON SYSTEM","W_FT":8,"D_H_FT":4.5,"FAC_DESC":"8' X 4.5' RCAP","FACTYPE":28}},{"type":"Feature","geometry":{"type":"LineString","coordinates":[[671614.6911532514,4015344.772603829],[671616.7192616259,4015161.865909788]]},"properties":{"FACNAME":"RANGE WASH - WALNUT","W_FT":18,"D_H_FT":6.75,"FAC_DESC":"18' X 6.75' RCAP","FACTYPE":28}},{"type":"Feature","geometry":{"type":"LineString","coordinates":[[678362.6290424909,4006127.85415579],[678355.3617772483,4006134.9874346354],[678352.9753881639,4006146.1366489213],[678346.9598955656,4006328.967085526],[678344.6994290736,4006334.417787151],[678340.3769738612,4006339.207269817],[678333.7249154467,4006342.4431771343],[678323.6319650859,4006343.8381344434]]},"properties":{"FACNAME":"WASHINGTON AVENUE CONVEYANCE / DETENTION","W_FT":12,"D_H_FT":6,"FAC_DESC":"12' X 6' RCB","FACTYPE":27}},{"type":"Feature","geometry":{"type":"LineString","coordinates":[[673681.08703616,4004943.851102048],[673705.2051895603,4004900.0087012416],[673726.8185578582,4004860.982263441],[673758.6006472893,4004814.7847630563],[673789.4009205912,4004773.1473164707],[673944.2990456307,4004629.0196398688],[673972.2893108032,4004591.9156281566],[673989.8710702446,4004561.5059081255]]},"properties":{"FACNAME":"LAS VEGAS WASH - MIDDLE","W_FT":70,"D_H_FT":18,"FAC_DESC":"EARTH CHNL 70'W 18'-20'D 1.5:1 SS (REPLACE W/ LVMD1149)","FACTYPE":2}},{"type":"Feature","geometry":{"type":"LineString","coordinates":[[678695.6945298477,4012881.85355747],[678712.6628806127,4011297.852224753]]},"properties":{"FACNAME":"RANGE WASH - EAST TRIBUTARY","W_FT":50,"D_H_FT":10,"FAC_DESC":"EARTHEN CHNL 50'W 10'D 3:1 SS","FACTYPE":2}},{"type":"Feature","geometry":{"type":"LineString","coordinates":[[669273.434539265,4010413.999163088],[669291.2406767452,4010396.5117772147]]},"properties":{"FACNAME":"LAS VEGAS WASH - MIDDLE","W_FT":95,"D_H_FT":8,"FAC_DESC":"3 SPAN BRIDGE 95'W 8'-10'D 2:1 SS @ CIVIC CENTER","FACTYPE":24}},{"type":"Feature","geometry":{"type":"LineString","coordinates":[[669431.7177333483,4004896.4240131173],[669538.3471750378,4004893.023263142],[669599.2096775373,4004889.5405177013],[669673.2741630303,4004888.720457314],[669766.8478647467,4004887.963790209],[669806.4707503027,4004887.508319942],[669926.8671035847,4004886.556166717],[670016.0192230701,4004885.6101272698],[670125.450564659,4004884.955752804]]},"properties":{"FACNAME":"LAS VEGAS WASH - BONANZA","W_FT":0,"D_H_FT":3,"FAC_DESC":"36\" RCP (REPLACE W/ LVBZ0224)","FACTYPE":26}},{"type":"Feature","geometry":{"type":"LineString","coordinates":[[677461.4626720935,4014286.7589421277],[677491.2726890068,4014246.324326568],[677522.0436696145,4014227.1040441147],[677555.3603393196,4014215.987624591],[677589.3140428977,4014213.1215774007],[677653.5613649264,4014224.4812618503],[677705.3735457484,4014236.1625203127],[677739.4042497118,4014238.344032705]]},"properties":{"FACNAME":"RANGE WASH - HOLLYWOOD BRANCH","W_FT":25,"D_H_FT":7,"FAC_DESC":"CONC CHNL 25'W 7'D 0:1 SS","FACTYPE":3}},{"type":"Feature","geometry":{"type":"LineString","coordinates":[[677374.5131137595,4017396.962201439],[677376.703475405,4017273.167069336],[677370.7248323394,4017256.9102009498],[677374.7999609029,4017096.3477285337],[677376.2633350499,4017038.6908957614]]},"properties":{"FACNAME":"RANGE WASH - HOLLYWOOD BRANCH","W_FT":0,"D_H_FT":6.5,"FAC_DESC":"78\" RCP","FACTYPE":26}},{"type":"Feature","geometry":{"type":"LineString","coordinates":[[678697.1726840364,4013160.980146951],[678696.0032031043,4013022.552898728]]},"properties":{"FACNAME":"RANGE WASH - HOLLYWOOD BRANCH","W_FT":51,"D_H_FT":6.5,"FAC_DESC":"CONC CHNL 51'W 6.5'D 3:1 SS","FACTYPE":3}},{"type":"Feature","geometry":{"type":"LineString","coordinates":[[667818.7597699977,4012124.0136435716],[667986.3930257086,4012125.991345547],[668016.8739493177,4012126.0030852645],[668036.8827599435,4012129.825132614],[668059.1239366308,4012134.0736755677]]},"properties":{"FACNAME":"WESTERN TRIBUTARY AT CRAIG RD","W_FT":8,"D_H_FT":6,"FAC_DESC":"2: 8' X 6' RCB","FACTYPE":27}},{"type":"Feature","geometry":{"type":"LineString","coordinates":[[675870.7979243742,4008322.575437029],[675874.699566759,4008316.4471583767],[675877.5158247472,4008311.942082277],[675880.90752583,4008306.577775587],[675882.1068063112,4008303.826557323],[675882.996698263,4008301.1533318893],[675883.732223327,4008299.105950946],[675883.9662445243,4008297.15605953],[675884.2458440844,4008295.3450560034],[675884.9957347729,4008267.0610137144],[675885.1375439973,4008260.4148286176]]},"properties":{"FACNAME":"RANGE WASH - SLOAN","W_FT":14,"D_H_FT":4,"FAC_DESC":"4: 14' X 4' RCBC @ CAREY AVE","FACTYPE":19}},{"type":"Feature","geometry":{"type":"LineString","coordinates":[[673802.0446763743,4010789.9426195114],[674037.814139083,4010802.215774935],[674115.5266392116,4010804.4338534195],[674146.9416000886,4010805.43706556]]},"properties":{"FACNAME":"RANGE WASH - SLOAN","W_FT":14,"D_H_FT":8,"FAC_DESC":"CONC CHNL 14'W 8'D 1.5:1 SS","FACTYPE":3}},{"type":"Feature","geometry":{"type":"LineString","coordinates":[[669415.2986856222,4005690.7713209456],[669596.5152075313,4005690.637461219]]},"properties":{"FACNAME":"WASHINGTON AVENUE CHANNEL","W_FT":12,"D_H_FT":8,"FAC_DESC":"2: 12' X 8' RCB","FACTYPE":27}},{"type":"Feature","geometry":{"type":"LineString","coordinates":[[669638.9348530598,4009902.4106501457],[669740.3635485085,4009757.4067851305]]},"properties":{"FACNAME":"LAS VEGAS WASH - MIDDLE","W_FT":90,"D_H_FT":7,"FAC_DESC":"CONC CHNL 90'W 7'D 0:1 SS","FACTYPE":3}},{"type":"Feature","geometry":{"type":"LineString","coordinates":[[670266.8249133673,4008967.038184862],[670287.1788901507,4008937.7505193334]]},"properties":{"FACNAME":"LAS VEGAS WASH - MIDDLE","W_FT":72.5,"D_H_FT":7.5,"FAC_DESC":"SINGLE SPAN BRIDGE 72.5'W 7.5'D @ LAS VEGAS BLVD","FACTYPE":24}},{"type":"Feature","geometry":{"type":"LineString","coordinates":[[675064.2921724755,4009932.369959479],[675069.5776233703,4009924.6902948846],[675073.6826575266,4009913.789676482],[675079.0837967555,4009904.2233066494],[675086.7083412979,4009892.49738915],[675096.9114915647,4009884.316107125],[675111.5303225857,4009874.007317589],[675137.9781661723,4009864.3103794283],[675195.5528080857,4009837.038835443]]},"properties":{"FACNAME":"RANGE WASH - SLOAN","W_FT":50,"D_H_FT":6,"FAC_DESC":"EARTH CHNL 50'W 6'D 3:1 SS (REPLACE W/ RWSL0561)","FACTYPE":2}},{"type":"Feature","geometry":{"type":"LineString","coordinates":[[669510.5905171039,4010185.075625977],[669542.6168114485,4010165.2974094935],[669568.1981347536,4010137.2172466936],[669580.5777687473,4010113.868910723],[669590.8649157251,4010083.923674957],[669595.3420030196,4010039.666337347],[669597.5110073625,4010003.583308056]]},"properties":{"FACNAME":"LAS VEGAS WASH - MIDDLE","W_FT":60,"D_H_FT":9,"FAC_DESC":"CONC CHNL 60'W 9'-11'D 0:1 SS","FACTYPE":3}},{"type":"Feature","geometry":{"type":"LineString","coordinates":[[670104.3049910892,4009349.971869335],[670105.6485003028,4009307.4694125084],[670105.8893206089,4009299.8529582582],[670106.5926627072,4009282.356670213],[670106.640328161,4009281.100189659]]},"properties":{"FACNAME":"LAS VEGAS WASH - N CHANNEL","W_FT":18,"D_H_FT":2.8,"FAC_DESC":"DROP STRUCTURE 18'W 2.8'D 3:1 SS","FACTYPE":30}},{"type":"Feature","geometry":{"type":"LineString","coordinates":[[668115.0414649143,4011319.762117373],[668195.2922044541,4011321.450426143]]},"properties":{"FACNAME":"WESTERN TRIBUTARY AT ALEXANDER RD","W_FT":16,"D_H_FT":9.5,"FAC_DESC":"CONC CHNL 16'W 9.5'D 0:1 SS","FACTYPE":3}},{"type":"Feature","geometry":{"type":"LineString","coordinates":[[673576.3282546609,4011831.9037704673],[673585.5651871585,4011819.110263607]]},"properties":{"FACNAME":"SLOAN CHANNEL EAST BRANCH","W_FT":12,"D_H_FT":6,"FAC_DESC":"2: 12' X 6' RCBC @ VISTA SANDIA","FACTYPE":19}},{"type":"Feature","geometry":{"type":"LineString","coordinates":[[671094.7262966187,4014236.461750092],[671328.7156540826,4014241.2031420358],[671624.1652635924,4014248.862029882],[671630.988432235,4014247.4144198154],[671636.7333544872,4014243.436469444],[671641.7077192033,4014236.6038318523],[671643.0745602159,4014226.468846186],[671642.8407744629,4014214.6857082094],[671639.3995978617,4014200.012135404],[671634.6926752429,4014188.5697205304],[671629.5627071707,4014178.6781444047],[671520.4657370881,4014045.800403113],[671478.443254429,4013993.3579551447]]},"properties":{"FACNAME":"RANGE WASH - WEST TRIBUTARY","W_FT":20,"D_H_FT":8.1,"FAC_DESC":"20' X 8.1' RCAP","FACTYPE":28}},{"type":"Feature","geometry":{"type":"LineString","coordinates":[[673497.1455187028,4012367.049512765],[673506.555406266,4012366.5734208897],[673516.7374552464,4012363.679951988],[673518.5272477993,4012350.067755637],[673522.0725380769,4012284.889304192]]},"properties":{"FACNAME":"SLOAN CHANNEL EAST BRANCH","W_FT":10,"D_H_FT":4,"FAC_DESC":"10' X 4' RCBC @W CRAIG","FACTYPE":19}},{"type":"Feature","geometry":{"type":"LineString","coordinates":[[670099.7288260858,4010585.0524950316],[670091.5166928604,4010560.528617398]]},"properties":{"FACNAME":"LAS VEGAS WASH - N CHANNEL","W_FT":12,"D_H_FT":6,"FAC_DESC":"3: 12' X 6' RCB","FACTYPE":27}},{"type":"Feature","geometry":{"type":"LineString","coordinates":[[671758.114376308,4013655.9420927046],[671761.423931903,4013568.8589635976]]},"properties":{"FACNAME":"RANGE WASH - WEST TRIBUTARY","W_FT":5,"D_H_FT":2.75,"FAC_DESC":"5' X 2.75' RCB OUTLET","FACTYPE":29}},{"type":"Feature","geometry":{"type":"LineString","coordinates":[[669117.5808792778,4010559.961304066],[669122.0821412078,4010554.053677074],[669165.7243787982,4010506.930118756],[669273.434539265,4010413.999163088]]},"properties":{"FACNAME":"LAS VEGAS WASH - MIDDLE","W_FT":80,"D_H_FT":10,"FAC_DESC":"CONC CHNL 80'W 10'D 2:1 SS","FACTYPE":3}},{"type":"Feature","geometry":{"type":"LineString","coordinates":[[671887.3304184052,4012873.7436122955],[671894.3437947605,4012863.365843839],[671897.7375306739,4012858.705985364]]},"properties":{"FACNAME":"RANGE WASH - WEST TRIBUTARY","W_FT":10,"D_H_FT":3,"FAC_DESC":"2: 10' X 3' RCBC","FACTYPE":27}},{"type":"Feature","geometry":{"type":"LineString","coordinates":[[671672.3201952035,4014241.846957818],[671670.5069992242,4014233.6039337516],[671672.8067982848,4014226.3389120796],[671689.8715718614,4014208.9198706057]]},"properties":{"FACNAME":"RANGE WASH - RAILROAD CHANNEL","W_FT":0,"D_H_FT":0,"FAC_DESC":"CONFLUENCE STRUCTURE","FACTYPE":33}},{"type":"Feature","geometry":{"type":"LineString","coordinates":[[675878.2528827707,4009110.185048764],[675869.4357220359,4009083.7218187964],[675869.0820583028,4009042.806247896],[675869.1276133297,4009007.1294425135],[675870.545339214,4008910.1072335085],[675877.5651263964,4008366.727111166]]},"properties":{"FACNAME":"RANGE WASH - SLOAN","W_FT":20,"D_H_FT":6,"FAC_DESC":"CONC CHNL 20'W 6'D 2:1 SS","FACTYPE":3}},{"type":"Feature","geometry":{"type":"LineString","coordinates":[[671679.2293431958,4014140.7749644285],[671637.9717095011,4014090.01831059],[671633.4256674775,4014079.6588084027],[671631.9204453967,4014068.4462578353],[671636.6317743901,4013997.877776778]]},"properties":{"FACNAME":"RANGE WASH - RAILROAD CHANNEL","W_FT":12,"D_H_FT":8,"FAC_DESC":"12' X 8' RCB","FACTYPE":27}},{"type":"Feature","geometry":{"type":"LineString","coordinates":[[670091.347847851,4010450.2262121327],[670094.0401437138,4010295.72959621],[670094.6642552116,4010259.907071032],[670096.3906977044,4010160.7977402466],[670096.3795083803,4010159.400979965],[670096.1950474612,4010157.015248183],[670095.8033894238,4010154.6546919714],[670095.2075724201,4010152.3372582677],[670094.411938894,4010150.0806130236],[670093.4226399258,4010147.90184854],[670092.2473323407,4010145.817679076],[670091.8386899,4010145.2213231926],[670090.8947874903,4010143.8438350274],[670089.5421441046,4010141.8698895443],[670088.366836495,4010139.785720128],[670087.3775374758,4010137.606955717],[670086.5820038558,4010135.3503120267],[670085.986086735,4010133.032876965],[670085.5944285324,4010130.6723208567],[670085.4099674084,4010128.2865891675],[670085.398777942,4010126.889828938],[670086.3178467186,4010074.1288294955],[670087.4535915623,4010008.9304446084],[670087.6519674202,4009997.540439447],[670089.7411862504,4009877.600077673]]},"properties":{"FACNAME":"LAS VEGAS WASH - N CHANNEL","W_FT":12,"D_H_FT":8,"FAC_DESC":"CONC CHNL 12'W 6'-8'D 2:1 SS","FACTYPE":3}},{"type":"Feature","geometry":{"type":"LineString","coordinates":[[669329.4812063974,4013015.7535407073],[669330.1329225856,4012971.560847879]]},"properties":{"FACNAME":"UPPER LAS VEGAS WASH","W_FT":56,"D_H_FT":7,"FAC_DESC":"56' X 7' RCBC @ LONE MOUNTAIN","FACTYPE":19}},{"type":"Feature","geometry":{"type":"LineString","coordinates":[[673872.6588056725,4016878.592996984],[673815.7075251811,4016816.868989782],[673805.6481964622,4016805.402622891],[673803.5327608839,4016803.0734083974],[673801.3384279913,4016800.8183506145],[673799.0678595699,4016798.6400889033],[673796.7236159449,4016796.5413611485],[673794.3084647526,4016794.5244082008],[673791.8254692084,4016792.591775271],[673789.2773954849,4016790.7458032],[673786.6673141173,4016788.988537238],[673785.7559025066,4016788.4195121625],[673782.7900216953,4016786.6243334403]]},"properties":{"FACNAME":"RANGE WASH - RAILROAD CHANNEL","W_FT":12,"D_H_FT":4,"FAC_DESC":"2: 12' X 4' RCBC @ BELTWAY","FACTYPE":19}},{"type":"Feature","geometry":{"type":"LineString","coordinates":[[669596.5152075313,4005690.637461219],[670208.3415500253,4005690.184746605],[670703.7465065786,4005689.9261007914]]},"properties":{"FACNAME":"WASHINGTON AVENUE CHANNEL","W_FT":10,"D_H_FT":8,"FAC_DESC":"3: 10' X 8' RCB","FACTYPE":27}},{"type":"Feature","geometry":{"type":"LineString","coordinates":[[671616.3943269359,4006503.6585145225],[671613.8943279996,4006477.2543659154],[671614.573247109,4006430.7672147197],[671620.10878788,4006383.381449493],[671630.500932652,4006335.098267933],[671644.739113768,4006288.809132691],[671660.7578825209,4006253.2013487765],[671676.7490625968,4006219.5304407035],[671695.5886733636,4006189.775691432],[671719.285395733,4006159.1234283657],[671749.8457227749,4006122.7590446393],[671778.3560326658,4006094.1143486104],[671828.3575642715,4006053.1910478817],[671868.5179902423,4006022.778582856],[671888.9266199361,4006010.433961506]]},"properties":{"FACNAME":"LAS VEGAS WASH - MIDDLE","W_FT":100,"D_H_FT":10,"FAC_DESC":"GABION CHNL 100'W 10'D 2:1 SS (REPLACE W/ LVMD1321)","FACTYPE":5}},{"type":"Feature","geometry":{"type":"LineString","coordinates":[[669969.8184729284,4011363.421569375],[670004.1194848693,4011276.7050804296]]},"properties":{"FACNAME":"LAS VEGAS WASH - N CHANNEL","W_FT":20,"D_H_FT":7.5,"FAC_DESC":"CONC CHNL 20'W 7.5'D 0:1 SS","FACTYPE":3}},{"type":"Feature","geometry":{"type":"LineString","coordinates":[[669664.5847522211,4011687.4866537205],[669642.2881469082,4011600.8573202356]]},"properties":{"FACNAME":"LAS VEGAS WASH - KING CHARLES CHANNEL","W_FT":28,"D_H_FT":10.5,"FAC_DESC":"CONC CHNL 28'W 10.5'D 1.5:1 SS","FACTYPE":3}},{"type":"Feature","geometry":{"type":"LineString","coordinates":[[673196.4147619796,4013107.2431055284],[673198.6434953684,4012954.8523334092],[673206.1575186157,4012941.5927102184],[673267.4186560642,4012942.4886446623]]},"properties":{"FACNAME":"SLOAN CHANNEL EAST BRANCH","W_FT":0,"D_H_FT":6,"FAC_DESC":"72\" RCP (REPLACE W/ SLEB0151)","FACTYPE":26}},{"type":"Feature","geometry":{"type":"LineString","coordinates":[[672894.5992733617,4011467.5936352615],[672940.7183462601,4011371.891165557]]},"properties":{"FACNAME":"RANGE WASH - WEST TRIBUTARY","W_FT":0,"D_H_FT":0,"FAC_DESC":"TRANSITION STRUCTURE","FACTYPE":41}},{"type":"Feature","geometry":{"type":"LineString","coordinates":[[673456.0986275976,4016460.7297035954],[673456.7098594299,4016460.269178346],[673457.1112421608,4016459.9670062377],[673458.071373112,4016459.2436468126],[673458.8255059837,4016458.654693252],[673459.5587133814,4016458.039929559],[673460.2700880417,4016457.3998425347],[673460.9587139222,4016456.7355189314],[673461.6236822999,4016456.047545546],[673462.2643785794,4016455.3369135307],[673462.879992558,4016454.6043111384],[673463.469809652,4016453.8507280606],[673464.0329152765,4016453.0771510606],[673464.5686977641,4016452.2843713104],[673465.0767395769,4016451.473582879],[673465.5561319909,4016450.6453725616],[673466.006356013,4016449.8010329506],[673466.4267970389,4016448.941555215],[673466.8173404484,4016448.0679378174],[673467.1769702003,4016447.1812660648],[673467.5056701971,4016446.28263988],[673467.8028243743,4016445.373150416],[673468.0682181139,4016444.4537946875],[673468.3014338814,4016443.5257667587],[673468.3320336712,4016443.382592837],[673468.5020555952,4016442.5901607163],[673468.6701656915,4016441.64817794],[673468.7462896348,4016441.114310954],[673468.8052481042,4016440.7009110437],[673468.9072867328,4016439.7494599684],[673468.9762625534,4016438.7951246263],[673469.0117609521,4016437.838899099],[673469.0140628912,4016436.882087704],[673468.9830537379,4016435.925688909],[673468.9188144585,4016434.971004096],[673468.8212289668,4016434.0191317364],[673468.690579679,4016433.0712761446],[673468.5271519412,4016432.1284416486],[673468.3309281899,4016431.1918281754],[673468.1022908428,4016430.262641503],[673467.8413223284,4016429.3420830187],[673467.5484079879,4016428.431158518],[673467.2240331591,4016427.5308752507],[673466.8686773146,4016426.64264045],[673466.4823316797,4016425.7670540814],[673466.2299361182,4016425.2447814476],[673466.0659742383,4016424.905630677],[673465.6197932684,4016424.0591731244],[673465.1442726435,4016423.2287886655],[673464.6402991335,4016422.4153904207],[673464.1082566159,4016421.6200841703],[673463.5487318856,4016420.843778641],[673462.9627102416,4016420.0874884077],[673434.3788832077,4016384.497513174]]},"properties":{"FACNAME":"RANGE WASH - RAILROAD CHANNEL","W_FT":6,"D_H_FT":5,"FAC_DESC":"6' X 5' RCB OUTLET","FACTYPE":27}},{"type":"Feature","geometry":{"type":"LineString","coordinates":[[668955.6998217801,4015302.8238057136],[668962.8857806206,4015273.2019654885],[668964.1953877715,4015242.7490387917],[668968.0410915647,4015029.416772891],[668968.4823189824,4014998.9390377994],[668966.611131546,4014968.5155815254],[668961.4282347236,4014938.478431657],[668954.8183215272,4014908.722745754],[668949.1530765193,4014878.7728538173],[668949.6677853342,4014848.2960955366],[668953.5063076514,4014662.3163908115]]},"properties":{"FACNAME":"UPPER LAS VEGAS WASH","W_FT":50,"D_H_FT":9,"FAC_DESC":"CONC CHNL 50'W 9'D 0:1 SS","FACTYPE":3}},{"type":"Feature","geometry":{"type":"LineString","coordinates":[[670339.9883205823,4004883.087189441],[670552.3176533277,4004881.5785360895],[670716.300811984,4004880.2284733364]]},"properties":{"FACNAME":"LAS VEGAS WASH - BONANZA","W_FT":0,"D_H_FT":4,"FAC_DESC":"48\" RCP (REPLACE W/ LVBZ0188)","FACTYPE":26}},{"type":"Feature","geometry":{"type":"LineString","coordinates":[[668975.2755637118,4013768.887712802],[668982.1554581667,4013525.1369235213],[668986.2846879849,4013494.93685973],[668993.9901366103,4013465.4458927466],[669003.9583603805,4013436.641010251],[669017.9714508055,4013409.5721178423],[669033.9854396804,4013383.636640485],[669052.8814065014,4013359.719584685],[669073.7251206951,4013337.4792408724],[669096.7054320496,4013317.45424493],[669121.3866056723,4013299.567714197],[669156.8647539676,4013278.7213652167]]},"properties":{"FACNAME":"UPPER LAS VEGAS WASH","W_FT":56,"D_H_FT":11,"FAC_DESC":"CONC CHNL 56'W 11'D 0:1 SS","FACTYPE":3}},{"type":"Feature","geometry":{"type":"LineString","coordinates":[[668308.0474488261,4011323.78256387],[668355.890760225,4011324.847367438],[668369.910714136,4011325.0283315205],[668413.7882567586,4011326.177976449],[668427.8084889204,4011326.333241183],[668483.2784064412,4011327.1139902957]]},"properties":{"FACNAME":"WESTERN TRIBUTARY AT ALEXANDER RD","W_FT":16,"D_H_FT":10,"FAC_DESC":"CONC CHNL 16'W 10'D 0:1 SS","FACTYPE":3}},{"type":"Feature","geometry":{"type":"LineString","coordinates":[[677551.7028738271,4005044.265064134],[676834.75620298,4005054.3424962126],[675931.0916354223,4005060.800216588],[675907.3046718092,4005060.970205697],[675895.9275459698,4005049.750541284]]},"properties":{"FACNAME":"BONANZA ROAD CONVEYANCE","W_FT":0,"D_H_FT":6,"FAC_DESC":"72\" RCP","FACTYPE":26}},{"type":"Feature","geometry":{"type":"LineString","coordinates":[[675010.2710022301,4010019.087193028],[675030.4686442922,4010016.221001415],[675037.2739450408,4009995.997287645],[675056.5847799421,4009945.4736800683]]},"properties":{"FACNAME":"RANGE WASH - SLOAN","W_FT":0,"D_H_FT":0,"FAC_DESC":"DIVERSION STRUCTURE","FACTYPE":32}},{"type":"Feature","geometry":{"type":"LineString","coordinates":[[667586.3544198768,4016231.8591386867],[668627.0275584859,4016257.5374233536]]},"properties":{"FACNAME":"CENTENNIAL PKWY CHANNEL EAST","W_FT":20,"D_H_FT":6,"FAC_DESC":"2: 20' X 6' RCB","FACTYPE":27}},{"type":"Feature","geometry":{"type":"LineString","coordinates":[[678226.707696012,4008623.488799916],[678133.7558475079,4008646.570503973]]},"properties":{"FACNAME":"ALTO CONVEYANCE","W_FT":10,"D_H_FT":4,"FAC_DESC":"10' X 4' RCB","FACTYPE":27}},{"type":"Feature","geometry":{"type":"LineString","coordinates":[[670436.5209835627,4008165.8440057887],[670447.4803789126,4008146.734885876]]},"properties":{"FACNAME":"LAS VEGAS WASH - MIDDLE","W_FT":84,"D_H_FT":7,"FAC_DESC":"SINGLE SPAN BRIDGE 84'W 7'D @ CAREY","FACTYPE":24}},{"type":"Feature","geometry":{"type":"LineString","coordinates":[[667900.7388959734,4017393.8832860007],[667917.7693425436,4017370.834362127],[667949.2696946311,4017318.641810742],[667975.9946398626,4017263.850205156],[667996.6534735179,4017206.4956610906],[668015.0135574155,4017148.3643606976],[668038.5856623546,4017092.144193089],[668048.1836286474,4017074.8117332095]]},"properties":{"FACNAME":"UPPER LAS VEGAS WASH","W_FT":42,"D_H_FT":8,"FAC_DESC":"CONC CHNL 42'W 8'D 0:1 SS","FACTYPE":3}},{"type":"Feature","geometry":{"type":"LineString","coordinates":[[668931.8979499623,4015392.6921256264],[668955.6998217801,4015302.8238057136]]},"properties":{"FACNAME":"UPPER LAS VEGAS WASH","W_FT":0,"D_H_FT":0,"FAC_DESC":"CONFLUENCE STRUCTURE","FACTYPE":33}},{"type":"Feature","geometry":{"type":"LineString","coordinates":[[667434.1506983964,4007741.9125087396],[667601.8086359776,4008037.3753900984],[667621.6023187623,4008059.4223576454],[667651.6228845684,4008087.403107612],[667682.9964560934,4008140.3963595727],[667693.5249123408,4008171.129752179],[667694.397975518,4008180.9774181377],[667694.686307518,4008198.981829523],[667717.5276876647,4008245.577207697],[667838.3533278609,4008455.1276585013],[667964.1788045946,4008669.6778842374]]},"properties":{"FACNAME":"FREEWAY CHANNEL","W_FT":15,"D_H_FT":10,"FAC_DESC":"CONC CHNL 15'W 10'D 1.5:1 SS (REPLACE W/ LV150140)","FACTYPE":3}},{"type":"Feature","geometry":{"type":"LineString","coordinates":[[675893.0591375248,4007886.147136771],[675897.9326960545,4007498.371564266]]},"properties":{"FACNAME":"RANGE WASH - SLOAN","W_FT":38,"D_H_FT":6,"FAC_DESC":"CONC CHNL 38'W 6'D 3:1 SS","FACTYPE":3}},{"type":"Feature","geometry":{"type":"LineString","coordinates":[[673333.2460863513,4010754.107205473],[673348.4670763029,4010754.880988849],[673363.6474618532,4010756.236266713]]},"properties":{"FACNAME":"RANGE WASH - SLOAN","W_FT":10,"D_H_FT":8,"FAC_DESC":"3: 10' X 8' RCBC","FACTYPE":19}},{"type":"Feature","geometry":{"type":"LineString","coordinates":[[673871.5660076143,4016908.188529291],[673871.5894350511,4016908.159567726],[673871.9960859821,4016907.62053666],[673872.3841327307,4016907.067931249],[673872.7530650769,4016906.5024441252],[673873.1023757394,4016905.9245679416],[673873.4317530222,4016905.3350982564],[673873.7407867085,4016904.734729175],[673874.0291665692,4016904.1241562613],[673874.2964823819,4016903.504073619],[673874.5424224588,4016902.875276809],[673874.7666780328,4016902.2383614033],[673874.9691359408,4016901.594225884],[673875.1493874224,4016900.943464355],[673875.3073193139,4016900.2869753065],[673875.4427213777,4016899.6254557595],[673875.555381922,4016898.959702744],[673875.6451892415,4016898.2905147425],[673875.7121330881,4016897.61859172],[673875.7561017635,4016896.944732155],[673875.7769820961,4016896.2698345333],[673875.7747638433,4016895.5945988097],[673875.7494352988,4016894.9198249425],[673875.7010832805,4016894.2464143294],[673875.665574298,4016893.911843491],[673875.535570748,4016892.906287119],[673872.6588056725,4016878.592996984]]},"properties":{"FACNAME":"RANGE WASH - BELTWAY EAST","W_FT":12,"D_H_FT":4,"FAC_DESC":"12' X 4' RCB","FACTYPE":27}},{"type":"Feature","geometry":{"type":"LineString","coordinates":[[670785.7567522412,4017591.892629668],[670782.9427253045,4017554.3871675828],[670756.5071340909,4017534.253842983]]},"properties":{"FACNAME":"RANGE WASH - WEST TRIBUTARY","W_FT":18,"D_H_FT":8,"FAC_DESC":"18' X 8' RCB","FACTYPE":27}},{"type":"Feature","geometry":{"type":"LineString","coordinates":[[677387.2486643416,4017956.4641371295],[677363.3164240672,4017937.1733495933]]},"properties":{"FACNAME":"RANGE WASH - HOLLYWOOD BRANCH","W_FT":0,"D_H_FT":6.5,"FAC_DESC":"78\" RCP OUTLET","FACTYPE":29}},{"type":"Feature","geometry":{"type":"LineString","coordinates":[[672998.8479911732,4017794.2467110814],[673028.6732522829,4017780.6258420255],[673046.848641127,4017771.5632275185],[673051.1601578651,4017769.4134153463],[673062.6461175513,4017763.686282977],[673079.0556731332,4017754.7923441078],[673083.3851708182,4017752.5893866885],[673087.1709792567,4017750.393771945],[673096.020923455,4017745.597093061],[673128.7588573315,4017726.3792070406],[673130.6998594245,4017725.148833437],[673130.8482412095,4017725.062792437],[673131.2112814275,4017724.8246706272],[673160.8217859577,4017706.0549698826],[673192.1722526198,4017684.6483367207],[673213.6048850315,4017668.9147834657],[673217.0547761193,4017666.3821990076],[673222.7737902851,4017662.1839773264],[673236.3765418162,4017651.4649688965],[673243.6881795371,4017645.703422549],[673247.6905484812,4017642.5495306286],[673252.5908084254,4017638.688174569],[673263.0081113547,4017629.8867272506],[673287.42430171,4017608.9059451665],[673303.6848975664,4017594.18743127],[673339.2848796042,4017559.911731748],[673363.3321006236,4017534.9557370776],[673388.7244900407,4017506.736433721],[673412.9179903639,4017478.797720409],[673415.2856699935,4017476.063461582],[673535.1342761863,4017337.662249099],[673582.4366082188,4017277.2683049757],[673584.1636444621,4017275.063247058],[673675.5209218706,4017158.421207071],[673726.9619102139,4017092.742976209],[673730.4989443247,4017088.22695441],[673735.7049199047,4017081.580033559],[673812.9306488348,4016982.9808200006],[673814.3592628253,4016981.156749596]]},"properties":{"FACNAME":"RANGE WASH - BELTWAY EAST","W_FT":10,"D_H_FT":3.75,"FAC_DESC":"CONC CHNL 10'W 3.75'D 2:1 SS","FACTYPE":3}},{"type":"Feature","geometry":{"type":"LineString","coordinates":[[672075.4416807026,4012614.7145440765],[672080.8251527003,4012607.322771452],[672085.9155776715,4012599.726083603]]},"properties":{"FACNAME":"RANGE WASH - WEST TRIBUTARY","W_FT":10,"D_H_FT":3,"FAC_DESC":"2: 10' X 3' RCBC","FACTYPE":19}},{"type":"Feature","geometry":{"type":"LineString","coordinates":[[667672.5001204094,4010110.6230258634],[667698.75478244,4010110.919848883],[667713.994196443,4010111.092179399],[668332.371283398,4010122.9916954422]]},"properties":{"FACNAME":"LAS VEGAS WASH - COLTON","W_FT":7,"D_H_FT":6,"FAC_DESC":"7' X 6' RCB","FACTYPE":27}},{"type":"Feature","geometry":{"type":"LineString","coordinates":[[672544.0104801804,4011812.4431616],[672565.9638503595,4011802.4010074455],[672608.8489489123,4011766.172857344],[672646.0868437663,4011731.481370692],[672694.2399695471,4011686.8024541233],[672748.3981314198,4011638.638989081],[672805.117985197,4011587.205166884],[672844.1932142277,4011552.195148972],[672863.7741427415,4011520.98071914],[672880.7180252587,4011494.7292795954]]},"properties":{"FACNAME":"RANGE WASH - WEST TRIBUTARY","W_FT":32,"D_H_FT":8,"FAC_DESC":"CONC CHNL 32'W 8'D 2:1 SS","FACTYPE":3}},{"type":"Feature","geometry":{"type":"LineString","coordinates":[[671796.031964814,4013448.152134355],[671823.1123154401,4013103.5417210814],[671822.8849045244,4013090.6907145763]]},"properties":{"FACNAME":"RANGE WASH - WEST TRIBUTARY","W_FT":8,"D_H_FT":6,"FAC_DESC":"8' X 6' RCB","FACTYPE":27}},{"type":"Feature","geometry":{"type":"LineString","coordinates":[[674146.9416000886,4010805.43706556],[674162.1746292968,4010805.9235848403],[674177.3993588517,4010805.226400925]]},"properties":{"FACNAME":"RANGE WASH - SLOAN","W_FT":10,"D_H_FT":7,"FAC_DESC":"3: 10' X 7' RCBC @ NELLIS","FACTYPE":19}},{"type":"Feature","geometry":{"type":"LineString","coordinates":[[668805.5283596648,4010152.8677666383],[668897.9267877559,4010318.9743534005],[668966.7743878877,4010433.0338927167],[669006.495732635,4010504.9677036097],[669040.1179384948,4010565.0501612187],[669049.7695600428,4010575.2864310504],[669059.7015705495,4010579.744504247],[669096.0567350176,4010588.211013765]]},"properties":{"FACNAME":"FREEWAY CHANNEL","W_FT":20,"D_H_FT":10,"FAC_DESC":"CONC CHNL 20'W 10'D 1.5:1 SS (REPLACE W/ LV150001)","FACTYPE":3}},{"type":"Feature","geometry":{"type":"LineString","coordinates":[[678361.9303724454,4006703.196368514],[678353.0233584486,4006698.4048014525],[678350.770162645,4006697.09137934],[678348.6121897288,4006695.626822584],[678346.5594399117,4006694.018078377],[678344.621504661,4006692.2726880405],[678342.8076681575,4006690.3986884863],[678341.1262000249,4006688.4051019885],[678339.5850684389,4006686.3010464134],[678338.1915284671,4006684.096529383],[678336.9521308258,4006681.8018482593],[678335.872520427,4006679.427687259],[678334.958034905,4006676.985226184],[678334.2127061102,4006674.4860258354],[678333.6400673678,4006671.9415397174],[678333.2429418284,4006669.363911067],[678333.0230541436,4006666.7651670766],[678332.9815260732,4006664.1575261536],[678334.9386147691,4006557.2751954896],[678334.9855536672,4006554.7118537887],[678334.9424257257,4006551.720625597],[678334.703730157,4006548.7386431815],[678334.2705814284,4006545.778624948],[678333.6446954433,4006542.853198057],[678332.82888659,4006539.975105731],[678331.8265779931,4006537.1564999884],[678330.6419941988,4006534.4094445356],[678329.2803640927,4006531.7457176894],[678327.7473209226,4006529.1768036233],[678326.049705175,4006526.713704065],[678324.1944661142,4006524.366822218],[678322.1898572997,4006522.146280301],[678288.4029987489,4006487.099178223]]},"properties":{"FACNAME":"OWENS CONVEYANCE TO WASHINGTON SYSTEM","W_FT":6,"D_H_FT":6,"FAC_DESC":"6' X 6' RCB","FACTYPE":27}},{"type":"Feature","geometry":{"type":"LineString","coordinates":[[668913.9324514401,4015561.0934068966],[668916.6726774583,4015546.1012402168]]},"properties":{"FACNAME":"UPPER LAS VEGAS WASH","W_FT":50,"D_H_FT":9.5,"FAC_DESC":"50' X 9.5' RCBC @ ACCESS ROAD","FACTYPE":19}},{"type":"Feature","geometry":{"type":"LineString","coordinates":[[671810.5207000299,4016846.4612113032],[671614.5523690041,4016754.1737711797]]},"properties":{"FACNAME":"RANGE WASH - WEST TRIBUTARY","W_FT":10,"D_H_FT":5,"FAC_DESC":"CONC CHNL 10'W 5'D 2:1 SS","FACTYPE":3}},{"type":"Feature","geometry":{"type":"LineString","coordinates":[[671637.5759191732,4014328.174750465],[671635.9740352839,4014321.820093014],[671637.7890813319,4014287.494336089],[671640.9939862178,4014272.594540989],[671649.4775176998,4014259.9332815823],[671660.9334146007,4014249.881478341],[671672.3201952035,4014241.846957818]]},"properties":{"FACNAME":"RANGE WASH - WALNUT","W_FT":20,"D_H_FT":7.14,"FAC_DESC":"20' X 7.14' RCAP","FACTYPE":28}},{"type":"Feature","geometry":{"type":"LineString","coordinates":[[671470.0531287695,4013889.2480151304],[671471.9731920932,4013887.7448789254],[671485.0688180575,4013879.9487779657],[671499.5798687653,4013875.289733873],[671514.4272389659,4013871.849785514],[671522.6447686979,4013870.89703326]]},"properties":{"FACNAME":"RANGE WASH - WEST TRIBUTARY","W_FT":12,"D_H_FT":8,"FAC_DESC":"12' X 8' RCB","FACTYPE":27}},{"type":"Feature","geometry":{"type":"LineString","coordinates":[[668153.6574095855,4009090.8379938686],[668188.6586185673,4009074.7134116865],[668202.1130436829,4009088.8461959716]]},"properties":{"FACNAME":"LAS VEGAS - BROOK","W_FT":0,"D_H_FT":8,"FAC_DESC":"96\" CMPC @ UPRR","FACTYPE":22}},{"type":"Feature","geometry":{"type":"LineString","coordinates":[[673119.9159310327,4013121.1192386807],[673122.6373776786,4013118.6753672604],[673127.3009928206,4013114.749173452],[673132.6010433822,4013111.7366237203],[673193.5571853099,4013112.6281301193],[673196.4147619796,4013107.2431055284]]},"properties":{"FACNAME":"SLOAN CHANNEL EAST BRANCH","W_FT":20,"D_H_FT":6,"FAC_DESC":"EARTH CHNL 20'W 6'D 2:1 SS (REPLACE W/ SLEB0165)","FACTYPE":2}},{"type":"Feature","geometry":{"type":"LineString","coordinates":[[669638.9061949508,4012206.089402001],[669651.1657708759,4011988.117728823]]},"properties":{"FACNAME":"LAS VEGAS WASH - KING CHARLES CHANNEL","W_FT":35,"D_H_FT":11,"FAC_DESC":"CONC CHNL 35'W 11'D 0:1 SS","FACTYPE":3}},{"type":"Feature","geometry":{"type":"LineString","coordinates":[[675229.3100590562,4008650.3723755656],[675229.722853015,4008621.5252789757],[675230.3091596395,4008558.501153561],[675234.2350622558,4008536.1182934484],[675245.5875013247,4008512.573642334],[675269.069198826,4008484.760610734],[675292.7398857832,4008456.6490889923],[675310.7982564953,4008439.6430216464],[675334.7387488985,4008423.903579918],[675437.9404493397,4008392.150887691],[675504.0426484111,4008379.447423668],[675579.3758561909,4008372.0124353496],[675750.0395973464,4008355.136554134],[675807.6964955841,4008351.4707340267],[675846.3217530934,4008342.5083540953],[675853.0092362678,4008336.7293275166]]},"properties":{"FACNAME":"RANGE WASH - SLOAN","W_FT":30,"D_H_FT":8,"FAC_DESC":"CONC CHNL 30'W 8'D 2:1 SS","FACTYPE":3}},{"type":"Feature","geometry":{"type":"LineString","coordinates":[[677419.1816099036,4005870.2406849815],[677022.3300734645,4005866.4946128344]]},"properties":{"FACNAME":"WASHINGTON AVENUE CONVEYANCE / DETENTION","W_FT":10,"D_H_FT":6,"FAC_DESC":"10' X 6' RCAP","FACTYPE":28}},{"type":"Feature","geometry":{"type":"LineString","coordinates":[[668974.2017027857,4013814.5966902077],[668975.2755637118,4013768.887712802]]},"properties":{"FACNAME":"UPPER LAS VEGAS WASH","W_FT":56,"D_H_FT":9,"FAC_DESC":"56' X 9' RCBC @ WASHBURN","FACTYPE":19}},{"type":"Feature","geometry":{"type":"LineString","coordinates":[[671616.7192616259,4015161.865909788],[671620.6114540664,4014652.6033054325],[671617.2856563207,4014647.0805504313]]},"properties":{"FACNAME":"RANGE WASH - WALNUT","W_FT":18,"D_H_FT":6.75,"FAC_DESC":"18' X 6.75' RCAP","FACTYPE":28}},{"type":"Feature","geometry":{"type":"LineString","coordinates":[[669156.8647539676,4013278.7213652167],[669185.2280252553,4013262.5863160617],[669220.3127428947,4013242.6276280233]]},"properties":{"FACNAME":"UPPER LAS VEGAS WASH","W_FT":56,"D_H_FT":8,"FAC_DESC":"56' X 8' RCBC @ LOSEE","FACTYPE":19}},{"type":"Feature","geometry":{"type":"LineString","coordinates":[[668120.4766683499,4009108.309552232],[668153.6574095855,4009090.8379938686]]},"properties":{"FACNAME":"LAS VEGAS - BROOK","W_FT":27,"D_H_FT":9,"FAC_DESC":"CONC CHNL 27'W 9'D 0:1 SS","FACTYPE":3}},{"type":"Feature","geometry":{"type":"LineString","coordinates":[[673525.4807319208,4011422.5394341387],[673527.4150524454,4011420.0406307667],[673536.6758367837,4011408.0771886837],[673545.5668095001,4011392.0950303273]]},"properties":{"FACNAME":"SLOAN CHANNEL EAST BRANCH","W_FT":12,"D_H_FT":7,"FAC_DESC":"6: 12' X 7' RCBC @ LV BLVD","FACTYPE":19}},{"type":"Feature","geometry":{"type":"LineString","coordinates":[[670952.1411559973,4007331.9563930486],[670957.9410897086,4007331.257901416],[670962.4812875295,4007328.584427783],[670966.7130945495,4007324.380430343],[671008.9328744714,4007271.075496106]]},"properties":{"FACNAME":"LAKE MEAD DRAIN TO LAS VEGAS WASH","W_FT":12,"D_H_FT":7,"FAC_DESC":"12' X 7' RCB","FACTYPE":27}},{"type":"Feature","geometry":{"type":"LineString","coordinates":[[675898.4638325276,4009142.8438359355],[675892.3995399391,4009133.0446743844],[675878.2528827707,4009110.185048764]]},"properties":{"FACNAME":"RANGE WASH - SLOAN","W_FT":8,"D_H_FT":7,"FAC_DESC":"2: 8' X 7' RCB OUTLET","FACTYPE":29}},{"type":"Feature","geometry":{"type":"LineString","coordinates":[[674344.8179303361,4017158.976515907],[674343.078941158,4017157.857391572],[674342.9179336315,4017157.753719086],[674342.3433567605,4017157.3839525897],[674307.7131070034,4017135.0964717036]]},"properties":{"FACNAME":"RANGE WASH - RAILROAD CHANNEL","W_FT":12,"D_H_FT":4,"FAC_DESC":"12' X 4' RCB","FACTYPE":27}},{"type":"Feature","geometry":{"type":"LineString","coordinates":[[670749.2998348195,4017185.604246652],[670766.8154122579,4016776.385515493]]},"properties":{"FACNAME":"RANGE WASH - WEST TRIBUTARY","W_FT":18,"D_H_FT":8,"FAC_DESC":"18' X 8' RCB","FACTYPE":27}},{"type":"Feature","geometry":{"type":"LineString","coordinates":[[670716.300811984,4004880.2284733364],[670865.6494593577,4004878.5907414528],[671001.288776526,4004877.866318083]]},"properties":{"FACNAME":"LAS VEGAS WASH - BONANZA","W_FT":0,"D_H_FT":4.5,"FAC_DESC":"54\" RCP (REPLACE W/ LVBZ0167)","FACTYPE":26}},{"type":"Feature","geometry":{"type":"LineString","coordinates":[[673739.8589478658,4011023.9734696],[673741.8245874973,4011019.8452717117],[673744.1241009462,4011015.8933807276]]},"properties":{"FACNAME":"SLOAN CHANNEL EAST BRANCH","W_FT":10,"D_H_FT":6,"FAC_DESC":"3: 10' X 6' RCBC @ GOODIN WY","FACTYPE":19}},{"type":"Feature","geometry":{"type":"LineString","coordinates":[[671782.8222643438,4013495.8649305454],[671796.031964814,4013448.152134355]]},"properties":{"FACNAME":"RANGE WASH - WEST TRIBUTARY","W_FT":0,"D_H_FT":0,"FAC_DESC":"TRANSITION STRUCTURE","FACTYPE":40}},{"type":"Feature","geometry":{"type":"LineString","coordinates":[[670776.1339018028,4016272.5599464783],[670776.0986009239,4016272.5323259607],[670779.887719001,4016132.0973635493]]},"properties":{"FACNAME":"RANGE WASH - WEST TRIBUTARY","W_FT":8,"D_H_FT":7,"FAC_DESC":"8' X 7' RCB","FACTYPE":27}},{"type":"Feature","geometry":{"type":"LineString","coordinates":[[670287.1788901507,4008937.7505193334],[670330.0514101987,4008871.792256189],[670342.1758848337,4008843.1912441975]]},"properties":{"FACNAME":"LAS VEGAS WASH - MIDDLE","W_FT":90,"D_H_FT":8,"FAC_DESC":"CONC CHNL 90'W 9/8'D 0:1 SS","FACTYPE":3}},{"type":"Feature","geometry":{"type":"LineString","coordinates":[[668953.5063076514,4014662.3163908115],[668954.774290497,4014573.9032892827]]},"properties":{"FACNAME":"UPPER LAS VEGAS WASH","W_FT":50,"D_H_FT":9,"FAC_DESC":"50' X 9' RCBC @ ANN","FACTYPE":19}},{"type":"Feature","geometry":{"type":"LineString","coordinates":[[667678.9670365057,4017698.925390227],[667854.334173431,4017460.338679996]]},"properties":{"FACNAME":"UPPER LAS VEGAS WASH","W_FT":21,"D_H_FT":8,"FAC_DESC":"2: 21' X 8' RCB","FACTYPE":27}},{"type":"Feature","geometry":{"type":"LineString","coordinates":[[674926.0316974643,4010070.447282351],[674945.2596093209,4010066.8950164886],[674961.051569566,4010061.8863113225],[674977.5132967033,4010054.505722868],[674993.892798385,4010041.884313241],[675010.2710022301,4010019.087193028],[675016.6269506937,4010007.28603055],[675022.5462636077,4009971.6481606667],[675022.1989899884,4009951.9550074027],[675022.8711473439,4009873.3711453676],[675034.3685877417,4009265.758157409],[675034.8141246834,4009247.643935168],[675042.0877275862,4009232.0415700814],[675051.3308666055,4009218.8395563685],[675060.3549020733,4009209.762485825],[675075.828323134,4009193.952292217],[675122.8682861307,4009150.3132502157]]},"properties":{"FACNAME":"RANGE WASH - SLOAN","W_FT":14,"D_H_FT":8.5,"FAC_DESC":"CONC CHNL 14'W 8.5'D 2:1 SS","FACTYPE":3}},{"type":"Feature","geometry":{"type":"LineString","coordinates":[[673522.0725380769,4012284.889304192],[673522.7631098374,4012122.0838064468]]},"properties":{"FACNAME":"SLOAN CHANNEL EAST BRANCH","W_FT":16,"D_H_FT":6,"FAC_DESC":"EARTH CHNL 16'W 6'D 2:1 SS","FACTYPE":2}},{"type":"Feature","geometry":{"type":"LineString","coordinates":[[669897.9642813123,4011497.598943554],[669914.1160471652,4011481.420482898],[669919.1240078209,4011475.6770839253],[669924.3171586187,4011470.100315291],[669929.0352952267,4011464.1163455104],[669933.2204724257,4011457.748230776],[669936.81678549,4011451.0299586635],[669940.2490224858,4011444.226375954],[669943.1674318691,4011437.187148865],[669945.6633308826,4011429.9872228317],[669947.8316245328,4011422.6818929617],[669959.654183425,4011390.9606586164]]},"properties":{"FACNAME":"LAS VEGAS WASH - N CHANNEL","W_FT":18,"D_H_FT":5.5,"FAC_DESC":"CONC CHNL 18'W 5.5'D 1.5:1 SS","FACTYPE":3}},{"type":"Feature","geometry":{"type":"LineString","coordinates":[[677497.4965720841,4006184.3786221812],[677435.6298646114,4006184.527111538]]},"properties":{"FACNAME":"WASHINGTON AVENUE CONVEYANCE / DETENTION","W_FT":0,"D_H_FT":4,"FAC_DESC":"60\" X 38\" HERCP","FACTYPE":26}},{"type":"Feature","geometry":{"type":"LineString","coordinates":[[673324.3404688197,4012904.689681027],[673326.163654607,4012900.4968071184],[673327.4382549364,4012896.105781543],[673328.1827426024,4012890.055153621],[673331.357659497,4012471.971809338],[673332.0018821412,4012387.126509535],[673332.1757062995,4012381.0326302964],[673334.8660946358,4012375.562239573],[673339.1569603076,4012371.23162131],[673344.1754250322,4012367.770372413],[673350.2545931494,4012367.3155861697],[673369.7524720435,4012367.6007044464],[673383.4591779346,4012368.1250871746],[673427.3569349679,4012368.7670060354],[673441.0719792162,4012368.967561765],[673470.7989584765,4012366.6642459347],[673497.1455187028,4012367.049512765]]},"properties":{"FACNAME":"SLOAN CHANNEL EAST BRANCH","W_FT":29,"D_H_FT":3.5,"FAC_DESC":"GRASS CHNL 29'W 3.5'D 2:1 SS (REPLACE W/ SLEB0102)","FACTYPE":6}},{"type":"Feature","geometry":{"type":"LineString","coordinates":[[668627.0275584859,4016257.5374233536],[668657.5062976379,4016257.9078745353],[668672.6270591543,4016256.0014788453],[668687.4929343066,4016252.643054781],[668700.9081956029,4016245.410973929],[668714.7446838738,4016239.021571535],[668727.0318052354,4016230.0049372697],[668749.3825336308,4016209.2798615997]]},"properties":{"FACNAME":"CENTENNIAL PKWY CHANNEL EAST","W_FT":42,"D_H_FT":6,"FAC_DESC":"42' X 6' RCB","FACTYPE":27}},{"type":"Feature","geometry":{"type":"LineString","coordinates":[[673814.3592628253,4016981.156749596],[673870.7220571273,4016909.194431836],[673871.0995817106,4016908.759390407],[673871.1645886931,4016908.684430328],[673871.5894350511,4016908.159567726]]},"properties":{"FACNAME":"RANGE WASH - BELTWAY EAST","W_FT":12,"D_H_FT":4.75,"FAC_DESC":"CONC CHNL 12'W 4.75'D 0:1 SS","FACTYPE":3}},{"type":"Feature","geometry":{"type":"LineString","coordinates":[[671617.2856563207,4014647.0805504313],[671615.9047694034,4014640.7834328543],[671622.6630340738,4014525.948951377],[671639.2752544524,4014335.6343945544],[671637.5759191732,4014328.174750465]]},"properties":{"FACNAME":"RANGE WASH - WALNUT","W_FT":20,"D_H_FT":7.5,"FAC_DESC":"20' X 7.5' RCAP","FACTYPE":28}},{"type":"Feature","geometry":{"type":"LineString","coordinates":[[668876.7590135346,4011223.1010156088],[668876.8108505302,4011169.7648623968],[668877.9248244404,4010902.9126677737]]},"properties":{"FACNAME":"LAS VEGAS WASH - MIDDLE","W_FT":70,"D_H_FT":10,"FAC_DESC":"CONC CHNL 70'W 10'D 2:1 SS","FACTYPE":3}},{"type":"Feature","geometry":{"type":"LineString","coordinates":[[667503.722532253,4015377.957487643],[667870.8007711866,4015390.216447596],[667937.1516613599,4015385.8154016784],[668142.0118942192,4015391.1150150727],[668217.7188121225,4015393.8766158726]]},"properties":{"FACNAME":"TROPICAL ROAD CHANNEL EAST","W_FT":12,"D_H_FT":7,"FAC_DESC":"12' X 7' RCB","FACTYPE":27}},{"type":"Feature","geometry":{"type":"LineString","coordinates":[[673188.7261461425,4005762.7287390474],[673207.6770668451,4005736.778918865]]},"properties":{"FACNAME":"LAS VEGAS WASH - MIDDLE","W_FT":162,"D_H_FT":13,"FAC_DESC":"4 SPAN BRIDGE 162'W 13'D @ WASHINGTON","FACTYPE":24}},{"type":"Feature","geometry":{"type":"LineString","coordinates":[[668916.6726774583,4015546.1012402168],[668920.1275410996,4015515.8167288317],[668922.3314377681,4015485.415498214],[668923.2020975879,4015444.519219624]]},"properties":{"FACNAME":"UPPER LAS VEGAS WASH","W_FT":50,"D_H_FT":11,"FAC_DESC":"CONC CHNL 50'W 11'D 0:1 SS","FACTYPE":3}},{"type":"Feature","geometry":{"type":"LineString","coordinates":[[675195.5528080857,4009837.038835443],[675221.0514498068,4009819.927757509],[675235.2122872213,4009810.92777389],[675255.5262020088,4009804.8970690263],[675269.9825526697,4009804.1662010374],[675292.8789163681,4009806.0709788436],[675316.6532999033,4009818.2558036367],[675343.6425585103,4009835.075737835],[675387.4093971986,4009866.6403653985],[675427.3326355935,4009894.8448054465],[675481.1163275961,4009934.650827017],[675567.7835538165,4009998.672124456],[675602.8825981951,4010021.405033635],[675616.0128885966,4010027.0016972064],[675625.5666062612,4010030.744401878],[675636.9480445414,4010032.712635254],[675653.1503716483,4010033.550039548],[675740.4723352136,4010016.810059317],[675765.7857731348,4010010.5744850575],[675780.8485064195,4010007.1910653417],[675813.9230459328,4010004.0713999155],[675840.5855477694,4010003.44412858]]},"properties":{"FACNAME":"RANGE WASH - SLOAN","W_FT":60,"D_H_FT":6,"FAC_DESC":"GRASS CHNL 60'W 6'D 3:1 SS (REPLACE W/ RWSL0525)","FACTYPE":6}},{"type":"Feature","geometry":{"type":"LineString","coordinates":[[669637.085927015,4012242.621284695],[669638.9061949508,4012206.089402001]]},"properties":{"FACNAME":"UPPER LAS VEGAS WASH","W_FT":8,"D_H_FT":8,"FAC_DESC":"7: 8' X 8' RCBC @ CRAIG ROAD","FACTYPE":19}},{"type":"Feature","geometry":{"type":"LineString","coordinates":[[677373.5490791451,4014786.534528648],[677399.4465635668,4014776.127259112],[677413.5337948024,4014758.290406516]]},"properties":{"FACNAME":"RANGE WASH - ANN BRANCH","W_FT":12,"D_H_FT":6,"FAC_DESC":"12' X 6' RCB","FACTYPE":27}},{"type":"Feature","geometry":{"type":"LineString","coordinates":[[669835.854006947,4011553.88918877],[669897.9642813123,4011497.598943554]]},"properties":{"FACNAME":"LAS VEGAS WASH - N CHANNEL","W_FT":12,"D_H_FT":5.5,"FAC_DESC":"2: 12' X 5.5' RCBC @ I-15","FACTYPE":19}},{"type":"Feature","geometry":{"type":"LineString","coordinates":[[670089.7411862504,4009877.600077673],[670092.131680043,4009766.749197398]]},"properties":{"FACNAME":"LAS VEGAS WASH - N CHANNEL","W_FT":32,"D_H_FT":8.5,"FAC_DESC":"CONC CHNL 32'W 8.5'D 2:1 SS","FACTYPE":3}},{"type":"Feature","geometry":{"type":"LineString","coordinates":[[669651.1657708759,4011988.117728823],[669662.8312779489,4011718.9412096445]]},"properties":{"FACNAME":"LAS VEGAS WASH - KING CHARLES CHANNEL","W_FT":15,"D_H_FT":10.5,"FAC_DESC":"CONC CHNL 15'W 10.5'D 2:1 SS","FACTYPE":3}},{"type":"Feature","geometry":{"type":"LineString","coordinates":[[668782.4753323691,4016165.517716802],[668841.4274375781,4016095.5905679525]]},"properties":{"FACNAME":"UPPER LAS VEGAS WASH","W_FT":0,"D_H_FT":0,"FAC_DESC":"TRANSITION STRUCTURE","FACTYPE":41}},{"type":"Feature","geometry":{"type":"LineString","coordinates":[[668928.120223817,4010729.787385448],[668929.4083924803,4010727.612214606],[668940.2327333962,4010711.8788616494],[668949.1522642954,4010700.2813352495]]},"properties":{"FACNAME":"LAS VEGAS WASH - MIDDLE","W_FT":80,"D_H_FT":10,"FAC_DESC":"CONC CHNL 80'W 10'D 2:1 SS","FACTYPE":3}},{"type":"Feature","geometry":{"type":"LineString","coordinates":[[669030.9448181579,4010624.0878132344],[669042.1278141339,4010617.9260104583]]},"properties":{"FACNAME":"LAS VEGAS WASH - MIDDLE","W_FT":55,"D_H_FT":12,"FAC_DESC":"FREE SPAN BRIDGE 55'W 12'D @ UPRR","FACTYPE":24}},{"type":"Feature","geometry":{"type":"LineString","coordinates":[[670802.2668745851,4014518.012835824],[670803.7950413602,4014314.657365905],[670805.5576658171,4014305.976704617],[670809.9560158727,4014299.753947937],[670817.1420341139,4014297.2182943393],[671029.5494416752,4014302.078567327],[671038.1422332257,4014300.72115841],[671043.7418392904,4014295.552619554],[671046.1169904957,4014288.3119183136],[671046.3105247703,4014255.5635343124],[671047.501739104,4014243.876575376],[671050.4756061182,4014238.5549072553],[671055.9112600037,4014235.794815845],[671094.7262966187,4014236.461750092]]},"properties":{"FACNAME":"RANGE WASH - WEST TRIBUTARY","W_FT":18,"D_H_FT":6.9,"FAC_DESC":"18' X 6.9' RCAP","FACTYPE":28}},{"type":"Feature","geometry":{"type":"LineString","coordinates":[[671696.8935333404,4014162.8642538823],[671679.2293431958,4014140.7749644285]]},"properties":{"FACNAME":"RANGE WASH - RAILROAD CHANNEL","W_FT":10,"D_H_FT":6,"FAC_DESC":"10' X 6' RCB","FACTYPE":27}},{"type":"Feature","geometry":{"type":"LineString","coordinates":[[668783.901521923,4010132.488624868],[668785.9680764392,4010132.634245311],[668790.7101034605,4010134.079542738],[668793.0151235473,4010135.7009499776],[668805.5283596648,4010152.8677666383]]},"properties":{"FACNAME":"LAS VEGAS WASH - COLTON","W_FT":9,"D_H_FT":13,"FAC_DESC":"CONC CHNL 9'W 13'D 0:1 SS","FACTYPE":3}},{"type":"Feature","geometry":{"type":"LineString","coordinates":[[672085.9155776715,4012599.726083603],[672103.8915691994,4012572.899571362],[672112.3767170066,4012557.27883665],[672119.6625065675,4012541.1848951057],[672128.1563007445,4012514.0435880744],[672133.4168295332,4012492.0582648935],[672136.1071229293,4012465.754224802],[672137.249000518,4012417.8775662603]]},"properties":{"FACNAME":"RANGE WASH - WEST TRIBUTARY","W_FT":8,"D_H_FT":4,"FAC_DESC":"CONC CHNL 8'W 4'D 1.5:1 SS (REPLACE W/ RWWE0098)","FACTYPE":3}},{"type":"Feature","geometry":{"type":"LineString","coordinates":[[675870.3559454132,4009798.0953268884],[675885.4109755021,4009133.2947069546],[675892.3995399391,4009133.0446743844],[676339.3320767436,4009117.052962705]]},"properties":{"FACNAME":"RANGE WASH - SLOAN","W_FT":0,"D_H_FT":0,"FAC_DESC":"72,000 CFS PMF SPILLWAY","FACTYPE":10}},{"type":"Feature","geometry":{"type":"LineString","coordinates":[[668428.321186723,4005671.486131611],[668503.5154822047,4005672.5753130103],[668567.1942959866,4005674.084626271],[668604.1746942204,4005674.9223526735],[668730.1069691214,4005676.7568094973],[669007.9212241427,4005682.4398675556],[669415.2986856222,4005690.7713209456]]},"properties":{"FACNAME":"WASHINGTON AVENUE CHANNEL","W_FT":12,"D_H_FT":8,"FAC_DESC":"2: 12' X 8' RCB","FACTYPE":27}},{"type":"Feature","geometry":{"type":"LineString","coordinates":[[671699.6797416849,4014201.6770737423],[671706.6257759847,4014188.1113897013],[671705.3201663322,4014179.0606713616],[671701.5815804129,4014170.715570128],[671696.8935333404,4014162.8642538823]]},"properties":{"FACNAME":"RANGE WASH - RAILROAD CHANNEL","W_FT":12,"D_H_FT":8,"FAC_DESC":"2: 12' X 8' RCB","FACTYPE":27}},{"type":"Feature","geometry":{"type":"LineString","coordinates":[[675897.0991543881,4005080.205584453],[675896.7616290788,4005064.9685356594],[675895.9275459698,4005049.750541284]]},"properties":{"FACNAME":"RANGE WASH - SLOAN","W_FT":10,"D_H_FT":5,"FAC_DESC":"5: 10' X 5' RCBC @ BONANZA","FACTYPE":19}},{"type":"Feature","geometry":{"type":"LineString","coordinates":[[670787.4669579929,4015438.220002752],[670793.1603679631,4015081.6511376626]]},"properties":{"FACNAME":"RANGE WASH - WEST TRIBUTARY","W_FT":12,"D_H_FT":6,"FAC_DESC":"12' X 6' RCAP","FACTYPE":28}},{"type":"Feature","geometry":{"type":"LineString","coordinates":[[678359.8534437717,4005467.4557505776],[677949.9536344599,4005461.5069228997]]},"properties":{"FACNAME":"EASTRIDGE CONVEYANCE TO WASHINGTON SYSTEM","W_FT":0,"D_H_FT":6.5,"FAC_DESC":"78\" CMP","FACTYPE":23}},{"type":"Feature","geometry":{"type":"LineString","coordinates":[[670083.2522990603,4010987.605883208],[670099.7288260858,4010585.0524950316]]},"properties":{"FACNAME":"LAS VEGAS WASH - N CHANNEL","W_FT":14,"D_H_FT":6,"FAC_DESC":"14' X 6' RCAP","FACTYPE":28}},{"type":"Feature","geometry":{"type":"LineString","coordinates":[[672459.1002100477,4017967.1900369814],[672481.3020223397,4017964.886894206],[672494.0999655884,4017963.347006904],[672506.840525551,4017961.388717273],[672519.5100694352,4017959.0141260205],[672523.1408855005,4017958.2096556965]]},"properties":{"FACNAME":"RANGE WASH - BELTWAY EAST","W_FT":10,"D_H_FT":3,"FAC_DESC":"RIPRAP CHNL 10' W 3'D 2:1 SS","FACTYPE":4}},{"type":"Feature","geometry":{"type":"LineString","coordinates":[[671027.4117329079,4007225.8025721177],[671056.4022117326,4007154.7764579915],[671113.2375569781,4007029.9938469655],[671131.2165957058,4006991.747707082],[671147.2693374177,4006959.8913520523],[671154.2881781674,4006945.4753773985],[671165.114579154,4006930.8120714403],[671194.8202031895,4006896.927600511],[671214.2906024402,4006877.1181827225],[671234.9636199449,4006856.6483297334],[671268.285773691,4006835.130144716],[671322.7984009818,4006806.5856932513],[671363.4400641201,4006786.091634737],[671390.2787322854,4006769.062503423],[671428.5020197298,4006747.961131543],[671468.0389305176,4006727.7068605386],[671503.6720116513,4006709.333449451],[671528.1092590357,4006694.672279956],[671551.6124360107,4006677.575713991],[671570.329246565,4006656.532776554],[671584.2163323398,4006634.450457541],[671597.1347755659,4006612.3544897097],[671606.6986254066,4006587.7866741503],[671614.996507874,4006539.8861750485]]},"properties":{"FACNAME":"LAS VEGAS WASH - MIDDLE","W_FT":100,"D_H_FT":10,"FAC_DESC":"GABION CHNL 100'W 10'D 2:1 SS","FACTYPE":5}},{"type":"Feature","geometry":{"type":"LineString","coordinates":[[670779.887719001,4016132.0973635493],[670787.1808712366,4015456.1376828267]]},"properties":{"FACNAME":"RANGE WASH - WEST TRIBUTARY","W_FT":8,"D_H_FT":7,"FAC_DESC":"8' X 7' RCB","FACTYPE":27}},{"type":"Feature","geometry":{"type":"LineString","coordinates":[[670756.5071340909,4017534.253842983],[670734.0444789176,4017515.9469351065],[670749.2998348195,4017185.604246652]]},"properties":{"FACNAME":"RANGE WASH - WEST TRIBUTARY","W_FT":18,"D_H_FT":8,"FAC_DESC":"18' X 8' RCB","FACTYPE":27}},{"type":"Feature","geometry":{"type":"LineString","coordinates":[[675897.9326960545,4007498.371564266],[675898.0962124787,4007485.363384172],[675898.2074181264,4007467.891230271]]},"properties":{"FACNAME":"RANGE WASH - SLOAN","W_FT":12,"D_H_FT":5,"FAC_DESC":"5: 12' X 5' RCBC @ LAKE MEAD","FACTYPE":19}},{"type":"Feature","geometry":{"type":"LineString","coordinates":[[672649.4194869017,4005906.2170456913],[672864.378797924,4005904.8224653485],[672925.1645480802,4005900.181476922],[672984.8049586331,4005887.553067456],[673042.4092494478,4005867.597825913],[673096.659616313,4005839.7886291738],[673146.1658614492,4005804.2134901416],[673157.3142627953,4005793.8214970045],[673188.7261461425,4005762.7287390474]]},"properties":{"FACNAME":"LAS VEGAS WASH - MIDDLE","W_FT":48,"D_H_FT":8,"FAC_DESC":"BANK STABILIZED CHANNEL 48'W 8'D 2:1 SS (REPLACE W/ LVMD1233)","FACTYPE":7}},{"type":"Feature","geometry":{"type":"LineString","coordinates":[[668736.1288835652,4010129.779507739],[668738.4833876672,4010129.8149211677],[668759.4275734128,4010130.7644281075],[668783.901521923,4010132.488624868]]},"properties":{"FACNAME":"LAS VEGAS WASH - COLTON","W_FT":0,"D_H_FT":8.5,"FAC_DESC":"102\" RCP","FACTYPE":29}},{"type":"Feature","geometry":{"type":"LineString","coordinates":[[677628.3811018214,4014363.5221503754],[677698.9008161663,4014272.9080035104],[677713.2070977229,4014257.4005000903],[677740.5001062588,4014245.2851063884],[677787.2046949008,4014219.525082326]]},"properties":{"FACNAME":"RANGE WASH - HOLLYWOOD BRANCH","W_FT":12,"D_H_FT":7,"FAC_DESC":"12' X 7' RCB","FACTYPE":27}},{"type":"Feature","geometry":{"type":"LineString","coordinates":[[673782.7900216953,4016786.6243334403],[673781.2735062282,4016785.748606066],[673781.2324205238,4016785.726701452],[673781.2008610487,4016785.709937028],[673780.7860320696,4016785.488932409],[673780.1960399803,4016785.1747501204],[673779.9885233017,4016785.064396337],[673778.4962251551,4016784.269735765],[673775.6697258902,4016782.887259903],[673772.7972833476,4016781.6029266804],[673769.8823768246,4016780.418187227],[673766.9283870894,4016779.334391233],[673763.9388948956,4016778.3528912943],[673760.9173824623,4016777.474938567],[673757.8674378654,4016776.701385687],[673698.9388496021,4016762.830473034],[673695.830131673,4016762.040857868],[673692.7510058947,4016761.1427592607],[673690.6270439702,4016760.4415691085],[673689.7053573872,4016760.1372342315],[673689.6493521262,4016760.1165114585],[673686.6967698227,4016759.0254354067],[673683.7290210145,4016757.808918309],[673680.8057931622,4016756.4889370226],[673677.9306611656,4016755.067244135],[673675.1071999166,4016753.545592228],[673672.3387828557,4016751.9258309538],[673669.6288804917,4016750.210011422],[673666.9808633409,4016748.4001832656],[673664.3979989925,4016746.4985946533],[673661.883355058,4016744.5074908175],[673659.4400932803,4016742.4295184333],[673657.0712783353,4016740.267122721],[673654.7797734528,4016738.0228459765],[673652.568334549,4016735.699728991],[673650.4398233863,4016733.3004140467],[673552.2314254027,4016618.608859951],[673541.6736575557,4016606.2790834387],[673523.167326929,4016584.6665786467]]},"properties":{"FACNAME":"RANGE WASH - RAILROAD CHANNEL","W_FT":25,"D_H_FT":4.5,"FAC_DESC":"CONC CHNL 25'W 4.5'D 0:1 SS","FACTYPE":3}},{"type":"Feature","geometry":{"type":"LineString","coordinates":[[672458.497128504,4015520.655867566],[672459.1144762821,4015471.310475108],[672459.2031617328,4015453.698558372]]},"properties":{"FACNAME":"RANGE WASH - LAMB","W_FT":15,"D_H_FT":6,"FAC_DESC":"15' X 6' RCB","FACTYPE":27}},{"type":"Feature","geometry":{"type":"LineString","coordinates":[[670447.4803789126,4008146.734885876],[670466.7391369732,4008111.566618574],[670485.6042756401,4008080.934441524],[670493.6394985747,4008067.0797476256],[670638.039464759,4007848.1774636554],[670676.190591116,4007788.903873161],[670684.8703868281,4007773.8313049055]]},"properties":{"FACNAME":"LAS VEGAS WASH - MIDDLE","W_FT":84,"D_H_FT":8,"FAC_DESC":"CONC CHNL 84'W 8'D 0:1 SS","FACTYPE":3}},{"type":"Feature","geometry":{"type":"LineString","coordinates":[[670342.1758848337,4008843.1912441975],[670351.5128973348,4008821.1656371406],[670358.9984911308,4008781.5595897874],[670361.3279563828,4008724.909397519]]},"properties":{"FACNAME":"LAS VEGAS WASH - MIDDLE","W_FT":90,"D_H_FT":10,"FAC_DESC":"CONC CHNL 90'W 10'D 0:1 SS","FACTYPE":3}},{"type":"Feature","geometry":{"type":"LineString","coordinates":[[672137.249000518,4012417.8775662603],[672137.6241946811,4012406.521378764]]},"properties":{"FACNAME":"RANGE WASH - WEST TRIBUTARY","W_FT":8,"D_H_FT":4,"FAC_DESC":"2: 8' X 4' RCBC","FACTYPE":19}},{"type":"Feature","geometry":{"type":"LineString","coordinates":[[667964.1788045946,4008669.6778842374],[668192.5100726786,4009071.9117060914],[668199.3700489355,4009084.0089664543]]},"properties":{"FACNAME":"FREEWAY CHANNEL","W_FT":15,"D_H_FT":10,"FAC_DESC":"CONC CHNL 15-20'W 10'D 1.5:1 SS (REPLACE W/ LV150110)","FACTYPE":3}},{"type":"Feature","geometry":{"type":"LineString","coordinates":[[670110.4938040972,4009173.248198964],[670182.877314847,4009077.770214385]]},"properties":{"FACNAME":"LAS VEGAS WASH - MIDDLE","W_FT":0,"D_H_FT":0,"FAC_DESC":"CONFLUENCE STRUCTURE","FACTYPE":33}},{"type":"Feature","geometry":{"type":"LineString","coordinates":[[678039.0619328709,4006375.07077727],[677963.2620986801,4006342.4162532743],[677936.9062208444,4006341.8833220713],[677937.0092547314,4006284.121774467],[677927.1258158688,4006271.239930469],[677553.8878955558,4006271.26927375],[677539.8690838182,4006257.586531292],[677540.8141025456,4006192.8762094546],[677530.8594088657,4006184.8810456954],[677497.4965720841,4006184.3786221812]]},"properties":{"FACNAME":"WASHINGTON AVENUE CONVEYANCE / DETENTION","W_FT":0,"D_H_FT":3.5,"FAC_DESC":"42\" RCP","FACTYPE":26}},{"type":"Feature","geometry":{"type":"LineString","coordinates":[[667733.6079060555,4011311.9847965133],[667810.4048234259,4011313.492791228],[667824.4256863014,4011313.5962576563],[667851.0865529357,4011314.32147493],[667865.1071880913,4011314.4406401636],[667978.3139524008,4011317.041210345]]},"properties":{"FACNAME":"WESTERN TRIBUTARY AT ALEXANDER RD","W_FT":16,"D_H_FT":9,"FAC_DESC":"CONC CHNL 16'W 9'D 0:1 SS","FACTYPE":3}},{"type":"Feature","geometry":{"type":"LineString","coordinates":[[671761.423931903,4013568.8589635976],[671782.8222643438,4013495.8649305454]]},"properties":{"FACNAME":"RANGE WASH - WEST TRIBUTARY","W_FT":12,"D_H_FT":10,"FAC_DESC":"3: 12'X10' RCBC @ I-15","FACTYPE":19}},{"type":"Feature","geometry":{"type":"LineString","coordinates":[[668864.7691358393,4015419.7110067704],[668880.0665168872,4015420.416212425],[668895.0692158866,4015417.7341418527],[668909.557392259,4015413.0051622377],[668922.1297537942,4015404.3906192114],[668931.8979499623,4015392.6921256264]]},"properties":{"FACNAME":"TROPICAL ROAD CHANNEL EAST","W_FT":10,"D_H_FT":7,"FAC_DESC":"10' X 7' RCB","FACTYPE":27}},{"type":"Feature","geometry":{"type":"LineString","coordinates":[[677413.5337948024,4014758.290406516],[677425.7760113439,4014492.761143902]]},"properties":{"FACNAME":"RANGE WASH - HOLLYWOOD BRANCH","W_FT":12,"D_H_FT":6,"FAC_DESC":"2: 12' X 6' RCB ","FACTYPE":27}},{"type":"Feature","geometry":{"type":"LineString","coordinates":[[673643.5725145724,4011742.3872131747],[673658.4745904899,4011712.4867169214]]},"properties":{"FACNAME":"SLOAN CHANNEL EAST BRANCH","W_FT":25,"D_H_FT":5,"FAC_DESC":"CONC CHNL 25'W DEPTH VARIES 0:1 SS","FACTYPE":3}},{"type":"Feature","geometry":{"type":"LineString","coordinates":[[672458.1403418942,4015545.038266729],[672458.497128504,4015520.655867566]]},"properties":{"FACNAME":"RANGE WASH - LAMB","W_FT":15,"D_H_FT":3.9,"FAC_DESC":"15' X 3.9' RCB","FACTYPE":27}},{"type":"Feature","geometry":{"type":"LineString","coordinates":[[678204.8912249035,4006494.870711081],[678201.9281610884,4006463.777575734]]},"properties":{"FACNAME":"WASHINGTON AVENUE CONVEYANCE / DETENTION","W_FT":0,"D_H_FT":0,"FAC_DESC":"9,229 CFS PMF SPILLWAY","FACTYPE":10}},{"type":"Feature","geometry":{"type":"LineString","coordinates":[[673207.6770668451,4005736.778918865],[673227.3813749838,4005713.5226005665],[673244.3026786381,4005688.1693320335],[673259.8879777665,4005661.9737285157],[673266.1681770261,4005651.8945992882],[673432.1729147425,4005366.5535825565]]},"properties":{"FACNAME":"LAS VEGAS WASH - MIDDLE","W_FT":65,"D_H_FT":15,"FAC_DESC":"BANK STABILIZED CHANNEL 65'W 15'D 2:1 SS (REPLACE W/ LVMD1209)","FACTYPE":7}},{"type":"Feature","geometry":{"type":"LineString","coordinates":[[668874.5241936105,4014612.9982628934],[668877.116944096,4014613.6138741123],[668880.0787105688,4014614.3343977015],[668883.0363374543,4014615.07126299],[668885.9899232772,4014615.824571438],[668888.9392709848,4014616.594120133],[668889.3079952443,4014616.691627216],[668892.2784405051,4014617.372672401],[668895.2876073618,4014617.8543566503],[668898.3223260905,4014618.134487029],[668901.3688123734,4014618.2118617133],[668904.4137701653,4014618.086086159],[668907.4435888008,4014617.757761339],[668910.4447459094,4014617.2282896405],[668913.4040044703,4014616.50007775],[668916.3082157443,4014615.576333769],[668919.1444163523,4014614.461268641],[668921.8999341088,4014613.159697651],[668924.5627836128,4014611.677346262],[668927.1208633805,4014610.02103839],[668929.5629674622,4014608.1979110874],[668931.8781738013,4014606.2162057157],[668934.0561544404,4014604.0845723883],[668936.0873667288,4014601.8126728404],[668937.9627635912,4014599.4104761053],[668939.6738876677,4014596.888659932],[668941.2132727421,4014594.2585166665],[668942.5739481761,4014591.5316459285],[668943.7500359274,4014588.720163411],[668944.7361520643,4014585.8365920777],[668945.5280096543,4014582.8936709748],[668946.1220143912,4014579.9046493554],[668946.5156748061,4014576.8825925714],[668946.7179839945,4014573.3973730765],[668954.774290497,4014573.9032892827]]},"properties":{"FACNAME":"ANN ROAD CHANNEL EAST","W_FT":10,"D_H_FT":7,"FAC_DESC":"10' X 7' RCB","FACTYPE":27}},{"type":"Feature","geometry":{"type":"LineString","coordinates":[[667978.3139524008,4011317.041210345],[668081.0094965954,4011319.3096874463]]},"properties":{"FACNAME":"WESTERN TRIBUTARY AT ALEXANDER RD","W_FT":16,"D_H_FT":7.75,"FAC_DESC":"16' X 7.75' RCB","FACTYPE":27}},{"type":"Feature","geometry":{"type":"LineString","coordinates":[[669220.3127428947,4013242.6276280233],[669245.9662233471,4013226.1657001795],[669268.7351195264,4013205.900760499],[669289.0310860219,4013183.1595122046],[669304.7890199489,4013157.06773542],[669316.5900286728,4013128.963813893],[669323.851135374,4013099.36029444],[669328.5651563546,4013069.245956469],[669329.4812063974,4013015.7535407073]]},"properties":{"FACNAME":"UPPER LAS VEGAS WASH","W_FT":56,"D_H_FT":9,"FAC_DESC":"CONC CHNL 56'W 9'D 0:1 SS","FACTYPE":3}},{"type":"Feature","geometry":{"type":"LineString","coordinates":[[675122.8682861307,4009150.3132502157],[675159.611060726,4009110.566957878],[675193.1486375172,4009076.9391866373],[675210.6407976379,4009056.918113941],[675218.9846544315,4009036.5115188635],[675220.7172441111,4009015.737272698],[675222.63328242,4008960.6703252234],[675229.3100590562,4008650.3723755656]]},"properties":{"FACNAME":"RANGE WASH - SLOAN","W_FT":14,"D_H_FT":8.5,"FAC_DESC":"CONC CHNL 14'W 8.5'D 2:1 SS","FACTYPE":3}},{"type":"Feature","geometry":{"type":"LineString","coordinates":[[668876.4155943753,4011319.4286997207],[668876.7590135346,4011223.1010156088]]},"properties":{"FACNAME":"LAS VEGAS WASH - MIDDLE","W_FT":70,"D_H_FT":10,"FAC_DESC":"CONC CHNL 70'W 10'D 0:1 SS","FACTYPE":3}},{"type":"Feature","geometry":{"type":"LineString","coordinates":[[669642.2881469082,4011600.8573202356],[669139.7269394412,4010746.3304718337]]},"properties":{"FACNAME":"LAS VEGAS WASH - KING CHARLES CHANNEL","W_FT":21.8,"D_H_FT":10,"FAC_DESC":"CONC CHNL 21.8'W 10'D 1.5:1 SS","FACTYPE":3}},{"type":"Feature","geometry":{"type":"LineString","coordinates":[[670108.9526399411,4009220.181893163],[670110.4938040972,4009173.248198964]]},"properties":{"FACNAME":"LAS VEGAS WASH - N CHANNEL","W_FT":18,"D_H_FT":7,"FAC_DESC":"18' X 7' RCB","FACTYPE":27}},{"type":"Feature","geometry":{"type":"LineString","coordinates":[[672880.7180252587,4011494.7292795954],[672890.9926292634,4011475.0778334737],[672894.5992733617,4011467.5936352615]]},"properties":{"FACNAME":"RANGE WASH - WEST TRIBUTARY","W_FT":13,"D_H_FT":7,"FAC_DESC":"3: 13' X 7' RCBC @ ALEXANDER","FACTYPE":19}},{"type":"Feature","geometry":{"type":"LineString","coordinates":[[668004.8605287067,4009109.513774337],[668035.9049385607,4009117.3614113824],[668052.8094077834,4009119.46278148],[668063.5241606344,4009119.6193535835],[668076.6316244066,4009119.0169830276],[668089.7584169396,4009117.0919168675],[668103.8247687134,4009114.254355433],[668120.4766683499,4009108.309552232]]},"properties":{"FACNAME":"LAS VEGAS - BROOK","W_FT":18,"D_H_FT":4.75,"FAC_DESC":"CONC CHNL 18'W 4.75'D 0:1 SS","FACTYPE":3}},{"type":"Feature","geometry":{"type":"LineString","coordinates":[[668719.5285780703,4011331.698051948],[668753.2420952743,4011330.732734629]]},"properties":{"FACNAME":"WESTERN TRIBUTARY AT ALEXANDER RD","W_FT":20,"D_H_FT":7,"FAC_DESC":"20' X 7' RCBC @ ACCESS ROAD","FACTYPE":19}},{"type":"Feature","geometry":{"type":"LineString","coordinates":[[676583.2397281374,4015500.0237626648],[676584.4848061017,4015235.5167947006],[676594.8134777899,4014831.636615894]]},"properties":{"FACNAME":"RANGE WASH - ANN BRANCH","W_FT":9,"D_H_FT":6,"FAC_DESC":"9' X 6' RCB","FACTYPE":27}},{"type":"Feature","geometry":{"type":"LineString","coordinates":[[675876.6703558905,4006682.774599877],[675876.3755256799,4006675.6036549513],[675876.5512277742,4006659.916727876]]},"properties":{"FACNAME":"RANGE WASH - SLOAN","W_FT":9,"D_H_FT":5,"FAC_DESC":"3: 9' X 5' RCBC @ OWENS","FACTYPE":19}},{"type":"Feature","geometry":{"type":"LineString","coordinates":[[673887.7495102317,4016893.830679636],[673886.7682824108,4016893.0707031135],[673884.9087332413,4016891.524052035],[673883.1039233595,4016889.913792354],[673881.356227731,4016888.2416590955],[673879.6677140346,4016886.5098828604],[673878.0402514045,4016884.7205913295],[673876.7870432746,4016883.293632433],[673875.9981689868,4016882.3953499068],[673872.6588056725,4016878.592996984]]},"properties":{"FACNAME":"RANGE WASH - RAILROAD CHANNEL","W_FT":12,"D_H_FT":4,"FAC_DESC":"12' X 4' RCB","FACTYPE":27}},{"type":"Feature","geometry":{"type":"LineString","coordinates":[[672447.5814903372,4015167.756794415],[672364.128294093,4015062.655535528],[672220.5738749731,4014899.0419710716],[672022.0530067919,4014670.7822828153]]},"properties":{"FACNAME":"RANGE WASH - RAILROAD CHANNEL","W_FT":12,"D_H_FT":8,"FAC_DESC":"12' X 8' RCB","FACTYPE":27}},{"type":"Feature","geometry":{"type":"LineString","coordinates":[[668483.2784064412,4011327.1139902957],[668523.074175915,4011330.3866582457]]},"properties":{"FACNAME":"WESTERN TRIBUTARY AT ALEXANDER RD","W_FT":20,"D_H_FT":7,"FAC_DESC":"20' X 7' RCBC @ BRUCE","FACTYPE":19}},{"type":"Feature","geometry":{"type":"LineString","coordinates":[[677949.9536344599,4005461.5069228997],[677929.3529036324,4005457.0699387267],[677914.1245190928,4005448.5808162815],[677898.9132799082,4005438.9106498063],[677832.8833680187,4005391.298024844],[677769.1550021579,4005347.8529059337],[677736.4223590683,4005324.9363780054],[677681.4456407259,4005288.7045329865],[677673.2839760664,4005281.4997997005],[677658.6374488741,4005273.6097851596],[677646.2825537072,4005270.4768077424],[677632.1569424098,4005267.3181766844],[677616.2346642741,4005265.904404151],[677557.7808012121,4005265.641526798],[677545.3361765117,4005267.5514683523]]},"properties":{"FACNAME":"EASTRIDGE CONVEYANCE TO WASHINGTON SYSTEM","W_FT":0,"D_H_FT":5,"FAC_DESC":"60\" RCP","FACTYPE":26}},{"type":"Feature","geometry":{"type":"LineString","coordinates":[[671332.7950040549,4005694.4297221694],[671809.052106942,4005701.7125102333]]},"properties":{"FACNAME":"WASHINGTON AVENUE CHANNEL","W_FT":12,"D_H_FT":8,"FAC_DESC":"3: 12' X 8' RCB","FACTYPE":27}},{"type":"Feature","geometry":{"type":"LineString","coordinates":[[669597.5110073625,4010003.583308056],[669599.7117616235,4009978.794715656],[669599.975142715,4009975.8286513686],[669600.131119279,4009974.073086162],[669604.1605286029,4009960.452172011],[669614.8668910507,4009939.268076197]]},"properties":{"FACNAME":"LAS VEGAS WASH - MIDDLE","W_FT":60,"D_H_FT":7.25,"FAC_DESC":"60' X 7.25' RCB WITH 2' CENTER PIER","FACTYPE":27}},{"type":"Feature","geometry":{"type":"LineString","coordinates":[[671689.8715718614,4014208.9198706057],[671699.6797416849,4014201.6770737423]]},"properties":{"FACNAME":"RANGE WASH - RAILROAD CHANNEL","W_FT":21,"D_H_FT":12,"FAC_DESC":"2 SPAN BRIDGE 21'W 12'D @ UPRR","FACTYPE":24}},{"type":"Feature","geometry":{"type":"LineString","coordinates":[[668217.7188121225,4015393.8766158726],[668542.10539183,4015400.938605593],[668679.9800402307,4015404.9407252497],[668732.7577847638,4015415.64905413],[668864.7691358393,4015419.7110067704]]},"properties":{"FACNAME":"TROPICAL ROAD CHANNEL EAST","W_FT":14,"D_H_FT":7,"FAC_DESC":"14' X 7' RCB","FACTYPE":27}},{"type":"Feature","geometry":{"type":"LineString","coordinates":[[672419.737186121,4017129.0380650167],[671810.5207000299,4016846.4612113032]]},"properties":{"FACNAME":"RANGE WASH - WEST TRIBUTARY","W_FT":10,"D_H_FT":5,"FAC_DESC":"CONC CHNL 10'W 5'D 2:1 SS","FACTYPE":3}},{"type":"Feature","geometry":{"type":"LineString","coordinates":[[674276.0202425289,4010254.3410001914],[674276.8797742791,4010159.6511803046],[674281.8794709438,4010127.056925631],[674292.5140144408,4010104.345037997],[674307.8490291571,4010086.7278248114],[674325.8996482864,4010072.416704265],[674348.3843710859,4010064.2013201374],[674372.6023788876,4010057.770839663],[674394.8508268943,4010058.3788624057],[674832.5876484127,4010069.152828729],[674877.2405809878,4010070.228835473],[674918.7373637104,4010069.988514466],[674926.0316974643,4010070.447282351]]},"properties":{"FACNAME":"RANGE WASH - SLOAN","W_FT":16,"D_H_FT":9,"FAC_DESC":"EARTH CHNL 16'W 9'D 2:1 SS (REPLACE W/ RWSL0577)","FACTYPE":2}},{"type":"Feature","geometry":{"type":"LineString","coordinates":[[670800.9397752027,4017805.2846475192],[670803.1056878808,4017706.478692123],[670798.0189998003,4017638.827941139],[670791.0712906425,4017623.7305814903],[670788.0316863536,4017612.3534597373],[670785.4934739417,4017602.266162001],[670785.7567522412,4017591.892629668]]},"properties":{"FACNAME":"BELTWAY CONVEYANCE","W_FT":14,"D_H_FT":8,"FAC_DESC":"14' X 8' RCB","FACTYPE":27}},{"type":"Feature","geometry":{"type":"LineString","coordinates":[[672446.1174541039,4016340.578627975],[672446.7960874987,4016294.2093763826],[672447.6909781798,4016251.3437091676],[672449.3956308556,4016175.1593455286],[672450.0460448621,4016098.9588526404],[672450.3023244635,4016080.8730182345],[672451.1503313242,4016022.763601594],[672452.229888259,4015948.9335394083]]},"properties":{"FACNAME":"RANGE WASH - LAMB","W_FT":0,"D_H_FT":5,"FAC_DESC":"60\" RCP","FACTYPE":26}},{"type":"Feature","geometry":{"type":"LineString","coordinates":[[672738.1043526427,4015533.7653864594],[672737.9811380082,4015533.6147612394],[672737.8694192328,4015533.478206319],[672737.8686324534,4015533.477294671],[672737.6349740872,4015533.191833445],[672737.6229972808,4015533.176455917],[672550.4365377144,4015304.1445097593],[672548.5828453195,4015301.876352814],[672547.6934331015,4015300.7881788393],[672545.983524455,4015298.7686624713],[672544.2046204347,4015296.8096457166],[672542.3585828769,4015294.9137562015],[672542.3255415609,4015294.8820680943],[672542.0604142867,4015293.2544472567],[672541.3319227579,4015293.92998985],[672540.7985205603,4015293.4189101676],[672540.4479823511,4015293.083031841],[672538.4748865295,4015291.3197032167],[672536.4417630716,4015289.626006757],[672524.6483381771,4015280.1435592677]]},"properties":{"FACNAME":"RANGE WASH - RAILROAD CHANNEL","W_FT":8,"D_H_FT":6,"FAC_DESC":"8' X 6' RCB","FACTYPE":27}},{"type":"Feature","geometry":{"type":"LineString","coordinates":[[671008.9328744714,4007271.075496106],[671027.4117329079,4007225.8025721177]]},"properties":{"FACNAME":"LAS VEGAS WASH - MIDDLE","W_FT":90,"D_H_FT":18,"FAC_DESC":"ENERGY DISSIPATOR","FACTYPE":25}},{"type":"Feature","geometry":{"type":"LineString","coordinates":[[678696.0032031043,4013022.552898728],[678695.9323008074,4013004.115165653]]},"properties":{"FACNAME":"RANGE WASH - HOLLYWOOD BRANCH","W_FT":16,"D_H_FT":7,"FAC_DESC":"3: 16' X 7' RCBC","FACTYPE":19}},{"type":"Feature","geometry":{"type":"LineString","coordinates":[[668753.2420952743,4011330.732734629],[668811.2807596319,4011330.7925352887],[668820.0730526869,4011329.6850068658],[668831.6344248562,4011325.1569875763],[668841.1149310555,4011319.2389601446],[668850.5242397228,4011309.7354004188],[668855.9917010331,4011299.3087932654],[668859.4710711999,4011289.5949223377],[668860.6294207952,4011277.9930648664],[668876.7590135346,4011223.1010156088]]},"properties":{"FACNAME":"WESTERN TRIBUTARY AT ALEXANDER RD","W_FT":30,"D_H_FT":10,"FAC_DESC":"CONC CHNL 30'W 10'D  0:1 SS","FACTYPE":3}},{"type":"Feature","geometry":{"type":"LineString","coordinates":[[668421.1953217628,4009475.1877214564],[668518.4280502882,4009666.341053726],[668588.0960851412,4009786.499733863],[668641.9804250334,4009884.350775342],[668653.822348801,4009903.5861458983]]},"properties":{"FACNAME":"FREEWAY CHANNEL","W_FT":8,"D_H_FT":10,"FAC_DESC":"2: 8' X 10' RCB","FACTYPE":27}},{"type":"Feature","geometry":{"type":"LineString","coordinates":[[678323.6319650859,4006343.8381344434],[678280.1491762439,4006350.0735458606]]},"properties":{"FACNAME":"WASHINGTON AVENUE CONVEYANCE / DETENTION","W_FT":12,"D_H_FT":3.5,"FAC_DESC":"CONC CHNL 12'W 3.5'D 0:1 SS","FACTYPE":3}},{"type":"Feature","geometry":{"type":"LineString","coordinates":[[677382.6265432618,4016449.747188115],[677382.8401475863,4016419.291722088],[677383.3240454306,4016402.0490769953],[677383.0889023971,4016399.773763121],[677382.1648874809,4016397.58448285],[677380.8927473149,4016395.5775382286],[677379.3070854449,4016393.8077446204],[677376.8016674388,4016391.0679329527],[677374.7191028495,4016387.9943543854],[677373.1032512984,4016384.6517613344],[677373.1441640604,4016383.291437103],[677375.7704699985,4016296.0256674974],[677379.4233797458,4015996.931903154]]},"properties":{"FACNAME":"RANGE WASH - HOLLYWOOD BRANCH","W_FT":6,"D_H_FT":6,"FAC_DESC":"6' X 6' RCB","FACTYPE":27}},{"type":"Feature","geometry":{"type":"LineString","coordinates":[[670182.877314847,4009077.770214385],[670266.8249133673,4008967.038184862]]},"properties":{"FACNAME":"LAS VEGAS WASH - MIDDLE","W_FT":70,"D_H_FT":8,"FAC_DESC":"CONC CHNL 70'W 8'D 0:1 SS","FACTYPE":3}},{"type":"Feature","geometry":{"type":"LineString","coordinates":[[672512.3869298536,4011823.5212984453],[672544.0104801804,4011812.4431616]]},"properties":{"FACNAME":"RANGE WASH - WEST TRIBUTARY","W_FT":9,"D_H_FT":6,"FAC_DESC":"3: 9' X 6' RCB","FACTYPE":27}},{"type":"Feature","geometry":{"type":"LineString","coordinates":[[668841.4274375781,4016095.5905679525],[668860.1879367828,4016071.567088643],[668876.3310806853,4016045.7117566844],[668885.9441481258,4016016.786449964],[668893.5233891774,4015987.262799795],[668896.8222288708,4015956.960809612],[668902.3801912846,4015688.0602168734]]},"properties":{"FACNAME":"UPPER LAS VEGAS WASH","W_FT":50,"D_H_FT":11,"FAC_DESC":"CONC CHNL 50'W 11'D 0:1 SS","FACTYPE":3}},{"type":"Feature","geometry":{"type":"LineString","coordinates":[[671443.0265887731,4013912.447902891],[671457.0914057926,4013900.757913181]]},"properties":{"FACNAME":"RANGE WASH - WEST TRIBUTARY","W_FT":12,"D_H_FT":8,"FAC_DESC":"12' X 8' RCBC @ UPRR","FACTYPE":19}},{"type":"Feature","geometry":{"type":"LineString","coordinates":[[671825.3706136046,4013060.311016485],[671826.927503549,4013030.1966747157],[671830.2539147439,4012995.3182107066],[671840.0785722759,4012966.6561783603],[671849.5534248631,4012939.8783051246],[671860.7788798629,4012914.977803657],[671872.3364903075,4012895.9307150487],[671887.3304184052,4012873.7436122955]]},"properties":{"FACNAME":"RANGE WASH - WEST TRIBUTARY","W_FT":8,"D_H_FT":4,"FAC_DESC":"CONC CHNL 8'W 4'D 1.5:1 SS (REPLACE W/ RWWE0128)","FACTYPE":3}},{"type":"Feature","geometry":{"type":"LineString","coordinates":[[668559.624370048,4014591.989543851],[668756.1986805953,4014598.3143876325],[668798.4717171394,4014600.5873672864],[668822.84607889,4014602.821220752],[668833.5773163058,4014604.1838837704],[668841.0987543148,4014605.407074865],[668848.5415459493,4014606.885650594],[668874.5241936105,4014612.9982628934]]},"properties":{"FACNAME":"ANN ROAD CHANNEL EAST","W_FT":10,"D_H_FT":6,"FAC_DESC":"10' X 6' RCB","FACTYPE":27}},{"type":"Feature","geometry":{"type":"LineString","coordinates":[[672524.6483381771,4015280.1435592677],[672465.0334005287,4015221.1877412796],[672454.4839338275,4015186.525560232],[672447.5814903372,4015167.756794415]]},"properties":{"FACNAME":"RANGE WASH - RAILROAD CHANNEL","W_FT":8,"D_H_FT":6,"FAC_DESC":"8' X 6' RCB","FACTYPE":27}},{"type":"Feature","geometry":{"type":"LineString","coordinates":[[675898.2074181264,4007467.891230271],[675899.2577947511,4007302.962147233],[675902.0611429822,4007107.8379637124],[675900.278287139,4007086.109471649]]},"properties":{"FACNAME":"RANGE WASH - SLOAN","W_FT":48,"D_H_FT":7,"FAC_DESC":"CONC CHNL 48'W 7'D 3:1 SS","FACTYPE":3}},{"type":"Feature","geometry":{"type":"LineString","coordinates":[[673524.4983344928,4011913.149584403],[673524.8782147106,4011902.258386066]]},"properties":{"FACNAME":"SLOAN CHANNEL EAST BRANCH","W_FT":8,"D_H_FT":4,"FAC_DESC":"2: 8' X 4' RCBC @ SAN MIGUEL","FACTYPE":19}},{"type":"Feature","geometry":{"type":"LineString","coordinates":[[668877.9248244404,4010902.9126677737],[668879.0079376424,4010871.457087326],[668881.4938927449,4010850.616265908],[668886.1648312812,4010829.495941879],[668898.6087078952,4010788.235165201],[668908.0029783351,4010763.7563144444],[668909.5994994362,4010761.060479318]]},"properties":{"FACNAME":"LAS VEGAS WASH - MIDDLE","W_FT":80,"D_H_FT":10,"FAC_DESC":"CONC CHNL 80'W 10'D 2:1 SS","FACTYPE":3}},{"type":"Feature","geometry":{"type":"LineString","coordinates":[[668902.3801912846,4015688.0602168734],[668902.7320693786,4015672.82377353]]},"properties":{"FACNAME":"UPPER LAS VEGAS WASH","W_FT":50,"D_H_FT":9.5,"FAC_DESC":"50' X 9.5' RCBC @ ACCESS ROAD","FACTYPE":19}},{"type":"Feature","geometry":{"type":"LineString","coordinates":[[668877.6412648949,4011355.6037750402],[668876.4155943753,4011319.4286997207]]},"properties":{"FACNAME":"LAS VEGAS WASH - MIDDLE","W_FT":40,"D_H_FT":11,"FAC_DESC":"BRIDGE 40'W 11'-11.5'D @ ALEXANDER","FACTYPE":24}},{"type":"Feature","geometry":{"type":"LineString","coordinates":[[671608.3326382102,4015918.1660628305],[671610.3415270448,4015737.012147342]]},"properties":{"FACNAME":"RANGE WASH - WALNUT","W_FT":12,"D_H_FT":6,"FAC_DESC":"12' X 6' RCB","FACTYPE":27}},{"type":"Feature","geometry":{"type":"LineString","coordinates":[[670125.450564659,4004884.955752804],[670217.9538373072,4004884.5629080753],[670315.4869563968,4004883.43648197],[670339.9883205823,4004883.087189441]]},"properties":{"FACNAME":"LAS VEGAS WASH - BONANZA","W_FT":0,"D_H_FT":3.5,"FAC_DESC":"42\" RCP (REPLACE W/ LVBZ0211)","FACTYPE":26}},{"type":"Feature","geometry":{"type":"LineString","coordinates":[[675885.1375439973,4008260.4148286176],[675892.7337127323,4007904.431390524]]},"properties":{"FACNAME":"RANGE WASH - SLOAN","W_FT":38,"D_H_FT":6,"FAC_DESC":"CONC CHNL 38'W 6'D 3:1 SS","FACTYPE":3}},{"type":"Feature","geometry":{"type":"LineString","coordinates":[[675895.9275459698,4005049.750541284],[675880.2672378093,4004764.014939246],[675854.2271105535,4004288.90269484]]},"properties":{"FACNAME":"RANGE WASH - SLOAN","W_FT":60,"D_H_FT":6,"FAC_DESC":"CONC CHNL 60'W 6'D 2:1 SS","FACTYPE":3}},{"type":"Feature","geometry":{"type":"LineString","coordinates":[[667741.2780007083,4009052.572232381],[667964.6405952027,4009100.3791049356]]},"properties":{"FACNAME":"LAS VEGAS - BROOK","W_FT":12,"D_H_FT":4.5,"FAC_DESC":"CONC CHNL 12'W 4.5'D 2:1 SS","FACTYPE":3}},{"type":"Feature","geometry":{"type":"LineString","coordinates":[[668153.6574095855,4009090.8379938686],[668159.9581554565,4009090.2769765807],[668181.6879152926,4009088.159978141],[668188.7905276562,4009087.4170520413],[668193.3240605203,4009088.6475560367],[668197.7863572289,4009094.7461758554],[668200.6752976237,4009099.869076346],[668209.0067561624,4009101.0028579896]]},"properties":{"FACNAME":"LAS VEGAS - BROOK","W_FT":8,"D_H_FT":4,"FAC_DESC":"8' X 4' RCB @ UPRR","FACTYPE":19}},{"type":"Feature","geometry":{"type":"LineString","coordinates":[[675886.778171798,4005869.173595464],[675886.7874953906,4005853.9327094886],[675887.0006290929,4005838.6932994314]]},"properties":{"FACNAME":"RANGE WASH - SLOAN","W_FT":54,"D_H_FT":7,"FAC_DESC":"3 SPAN BRIDGE 54'W 7'D @ WASHINGTON AVE","FACTYPE":24}},{"type":"Feature","geometry":{"type":"LineString","coordinates":[[672452.229888259,4015948.9335394083],[672454.7592441248,4015776.0923935627],[672456.9491492462,4015626.442121655]]},"properties":{"FACNAME":"RANGE WASH - LAMB","W_FT":9,"D_H_FT":6,"FAC_DESC":"9' X 6' RCB","FACTYPE":27}},{"type":"Feature","geometry":{"type":"LineString","coordinates":[[675840.5855477694,4010003.44412858],[675860.6987681546,4010008.930622051],[675882.0410476316,4010014.4675849336],[675904.3827609399,4010019.2057265816],[675925.4584429711,4010015.3100937195],[675950.2329604125,4010004.862569464],[675972.1810445254,4009982.363320141],[675996.0177924074,4009953.88571433],[676029.8502966928,4009911.601071192],[676044.8441890482,4009886.7396115386],[676048.3158501377,4009868.173380773],[676048.8484154056,4009821.612934834]]},"properties":{"FACNAME":"RANGE WASH - SLOAN","W_FT":60,"D_H_FT":6,"FAC_DESC":"GRASS CHNL 60'W 6'D 3:1 SS (REPLACE W/ RWSL0504)","FACTYPE":6}},{"type":"Feature","geometry":{"type":"LineString","coordinates":[[672139.9376524689,4012345.313285024],[672140.6461365866,4012294.9546234417]]},"properties":{"FACNAME":"RANGE WASH - WEST TRIBUTARY","W_FT":10,"D_H_FT":4,"FAC_DESC":"2: 10' X 4' RCBC @ CRAIG","FACTYPE":19}},{"type":"Feature","geometry":{"type":"LineString","coordinates":[[670766.8154122579,4016776.385515493],[670769.09533622,4016735.6126439427],[670776.3385223509,4016720.6789066643],[670785.046245378,4016717.598799212],[670901.6970127069,4016704.469645252]]},"properties":{"FACNAME":"RANGE WASH - WEST TRIBUTARY","W_FT":24,"D_H_FT":6,"FAC_DESC":"24' X 6' RCB","FACTYPE":27}},{"type":"Feature","geometry":{"type":"LineString","coordinates":[[673545.5668095001,4011392.0950303273],[673577.4207589444,4011334.834570144],[673729.3179592402,4011046.111467641],[673739.8589478658,4011023.9734696]]},"properties":{"FACNAME":"SLOAN CHANNEL EAST BRANCH","W_FT":20,"D_H_FT":7,"FAC_DESC":"CONC CHNL 20'W 7'D 1.5:1 SS","FACTYPE":3}},{"type":"Feature","geometry":{"type":"LineString","coordinates":[[671457.0914057926,4013900.757913181],[671464.6181199048,4013894.1448359145],[671470.0531287695,4013889.2480151304]]},"properties":{"FACNAME":"RANGE WASH - WEST TRIBUTARY","W_FT":9,"D_H_FT":6,"FAC_DESC":"2: 9' X 6' RCB","FACTYPE":27}},{"type":"Feature","geometry":{"type":"LineString","coordinates":[[675262.5942921907,4017756.6820338606],[675262.6161254828,4017756.447716591],[675262.6286938459,4017756.313379433],[675262.6504064745,4017755.9438391277],[675262.6592256909,4017755.573710003],[675262.6553441678,4017755.203494955],[675262.6385560586,4017754.8335910323],[675262.6089511132,4017754.464699661],[675262.5665293324,4017754.096820839],[675262.5266994848,4017753.8319961685],[675262.4737340221,4017753.5284731346],[675262.4436971626,4017753.3667080207],[675262.3633735952,4017753.0053754374],[675262.2705053568,4017752.646959686],[675262.1652836569,4017752.292063663],[675262.0478055584,4017751.940888823],[675261.918260803,4017751.594138048],[675261.7768479172,4017751.2519142665],[675261.6235566493,4017750.914917433],[675261.4586840608,4017750.583351933],[675261.2824213526,4017750.2578206575],[675261.0949655883,4017749.9385265214],[675260.896609428,4017749.6259738947],[675260.6875484703,4017749.320465677],[675260.5788920973,4017749.1728519835],[675260.3188113114,4017748.8339917124],[675260.2381901521,4017748.7320955805],[675259.9984825075,4017748.449942446],[675259.7491509743,4017748.176149754],[675259.4904852842,4017747.911421856],[675259.2227883514,4017747.655563161],[675258.9463484465,4017747.409378007],[675258.7492152549,4017747.2455666787],[675259.2068354362,4017745.834943298],[675258.0879528834,4017746.7440084666],[675257.5362961593,4017746.379876238],[675256.871852081,4017745.952183078],[675119.8283262805,4017657.754254882],[675010.6069032479,4017587.4618392624],[674568.620479402,4017303.0101914695],[674564.6346052334,4017300.4450552827],[674463.8286270403,4017235.568790566],[674409.603801362,4017200.671157001],[674404.9392193523,4017197.6690222695],[674344.8179303361,4017158.976515907]]},"properties":{"FACNAME":"RANGE WASH - RAILROAD CHANNEL","W_FT":10,"D_H_FT":3.5,"FAC_DESC":"CONC CHNL 10'W 3.5-2.5'D 2:1 SS","FACTYPE":3}},{"type":"Feature","geometry":{"type":"LineString","coordinates":[[670793.1603679631,4015081.6511376626],[670796.3684718611,4014880.7266964377],[670799.0290054171,4014714.082951674]]},"properties":{"FACNAME":"RANGE WASH - WEST TRIBUTARY","W_FT":14,"D_H_FT":6,"FAC_DESC":"14' X 6' RCAP","FACTYPE":28}},{"type":"Feature","geometry":{"type":"LineString","coordinates":[[676204.8326209291,4015627.61558896],[676573.3975918373,4015613.063004713],[676585.4579397215,4015608.74326158],[676584.6355432225,4015568.43552435],[676583.9486828991,4015534.7700422527],[676583.2397281374,4015500.0237626648]]},"properties":{"FACNAME":"RANGE WASH - ANN BRANCH","W_FT":9,"D_H_FT":6,"FAC_DESC":"9' X 6' RCB","FACTYPE":27}},{"type":"Feature","geometry":{"type":"LineString","coordinates":[[673432.1729147425,4005366.5535825565],[673491.2090681073,4005269.262614375],[673515.6198311211,4005226.616616919],[673540.0445299342,4005183.056977953],[673663.4823001154,4004974.593286759]]},"properties":{"FACNAME":"LAS VEGAS WASH - MIDDLE","W_FT":30,"D_H_FT":18,"FAC_DESC":"EARTH CHNL 30'W 18'-20'D 2:1 SS (REPLACE W/ LVMD1179)","FACTYPE":2}},{"type":"Feature","geometry":{"type":"LineString","coordinates":[[667877.708564661,4017426.8646203424],[667900.7388959734,4017393.8832860007]]},"properties":{"FACNAME":"UPPER LAS VEGAS WASH","W_FT":21,"D_H_FT":8,"FAC_DESC":"2: 21' X 8' RCB","FACTYPE":27}},{"type":"Feature","geometry":{"type":"LineString","coordinates":[[677435.6298646114,4006184.527111538],[677430.5736898644,4006184.585094252],[677426.8555873374,4006183.598443499],[677424.5712352877,4006181.4601388047],[677423.3053488099,4006178.7877175934],[677422.8908479058,4006176.5573001066],[677421.9787882017,4006173.5034827976]]},"properties":{"FACNAME":"WASHINGTON AVENUE CONVEYANCE / DETENTION","W_FT":5,"D_H_FT":4,"FAC_DESC":"5' X 4' RCB","FACTYPE":27}},{"type":"Feature","geometry":{"type":"LineString","coordinates":[[678695.9323008074,4013004.115165653],[678695.6945298477,4012881.85355747]]},"properties":{"FACNAME":"RANGE WASH - HOLLYWOOD BRANCH","W_FT":51,"D_H_FT":10,"FAC_DESC":"CONC CHNL 51'W 10'D 3:1 SS","FACTYPE":3}},{"type":"Feature","geometry":{"type":"LineString","coordinates":[[675853.0092362678,4008336.7293275166],[675862.1584515264,4008329.4620254016],[675867.3159831098,4008325.572948989],[675870.7979243742,4008322.575437029]]},"properties":{"FACNAME":"RANGE WASH - SLOAN","W_FT":14,"D_H_FT":4,"FAC_DESC":"2: 14' X 4' RCBC @ CAREY AVE","FACTYPE":19}},{"type":"Feature","geometry":{"type":"LineString","coordinates":[[673267.4186560642,4012942.4886446623],[673292.6132358669,4012942.9142200956],[673297.8947742443,4012942.5900011617],[673301.1312469965,4012942.0166403437],[673303.5003906928,4012941.306376207],[673305.5100659728,4012939.7217236357],[673307.6582550072,4012937.145946794],[673310.9875931153,4012932.06236263],[673314.7952893134,4012925.4615440206],[673318.0755628427,4012918.583271069],[673324.3404688197,4012904.689681027]]},"properties":{"FACNAME":"SLOAN CHANNEL EAST BRANCH","W_FT":20,"D_H_FT":6,"FAC_DESC":"RIPRAP CHNL 20'W 6'D 2:1 SS (REPLACE W/ SLEB0146)","FACTYPE":4}},{"type":"Feature","geometry":{"type":"LineString","coordinates":[[673066.4743211151,4011016.164793823],[673117.0520742505,4010937.975511044],[673208.1682260155,4010784.505275702],[673219.9809222713,4010767.0025910414],[673239.180224914,4010755.726504585],[673265.7672431817,4010750.676532789],[673333.2460863513,4010754.107205473]]},"properties":{"FACNAME":"RANGE WASH - SLOAN","W_FT":12,"D_H_FT":8.5,"FAC_DESC":"CONC CHNL 12'W 8.5'D 1.5:1 SS","FACTYPE":3}},{"type":"Feature","geometry":{"type":"LineString","coordinates":[[670361.3279563828,4008724.909397519],[670368.1939290656,4008557.9395501204],[670375.0078809607,4008335.8523268364],[670383.5716539182,4008281.58413808],[670403.419574679,4008223.1635957677],[670436.5209835627,4008165.8440057887]]},"properties":{"FACNAME":"LAS VEGAS WASH - MIDDLE","W_FT":84,"D_H_FT":8,"FAC_DESC":"CONC CHNL 84'W 8'-9'D 0:1 SS","FACTYPE":3}},{"type":"Feature","geometry":{"type":"LineString","coordinates":[[670358.8443662855,4017797.77410395],[670428.3445580262,4017799.193645925]]},"properties":{"FACNAME":"RANGE WASH - WEST TRIBUTARY","W_FT":16,"D_H_FT":10,"FAC_DESC":"16' X 10' RCB","FACTYPE":27}},{"type":"Feature","geometry":{"type":"LineString","coordinates":[[668523.074175915,4011330.3866582457],[668719.5285780703,4011331.698051948]]},"properties":{"FACNAME":"WESTERN TRIBUTARY AT ALEXANDER RD","W_FT":20,"D_H_FT":11,"FAC_DESC":"CONC CHNL 20'W 11'D 0:1 SS","FACTYPE":3}},{"type":"Feature","geometry":{"type":"LineString","coordinates":[[668048.1836286474,4017074.8117332095],[668065.7382904119,4017049.8934022156],[668083.2226637903,4017024.9257331262],[668095.5910037068,4017006.8005078705]]},"properties":{"FACNAME":"UPPER LAS VEGAS WASH","W_FT":42,"D_H_FT":8,"FAC_DESC":"42' X 8' RCBC @ DEER SPRINGS","FACTYPE":19}},{"type":"Feature","geometry":{"type":"LineString","coordinates":[[677379.6879664499,4015996.93577525],[677386.5018767416,4015597.9607852604]]},"properties":{"FACNAME":"RANGE WASH - HOLLYWOOD BRANCH","W_FT":10,"D_H_FT":6,"FAC_DESC":"10' X 6' RCB","FACTYPE":27}},{"type":"Feature","geometry":{"type":"LineString","coordinates":[[668923.2020975879,4015444.519219624],[668926.5784703494,4015414.2258570306],[668931.8979499623,4015392.6921256264]]},"properties":{"FACNAME":"UPPER LAS VEGAS WASH","W_FT":50,"D_H_FT":8,"FAC_DESC":"50' X 8' RCBC @ TROPICAL","FACTYPE":19}},{"type":"Feature","geometry":{"type":"LineString","coordinates":[[673585.5651871585,4011819.110263607],[673635.000643126,4011753.897551969]]},"properties":{"FACNAME":"SLOAN CHANNEL EAST BRANCH","W_FT":25,"D_H_FT":9,"FAC_DESC":"CONC CHNL 25'W 9'D 0:1 SS","FACTYPE":3}},{"type":"Feature","geometry":{"type":"LineString","coordinates":[[670945.0400484581,4007389.3188092993],[671008.9328744714,4007271.075496106]]},"properties":{"FACNAME":"LAS VEGAS WASH - MIDDLE","W_FT":24,"D_H_FT":7,"FAC_DESC":"3: 24' X 7' RCBC @ LAKE MEAD","FACTYPE":19}},{"type":"Feature","geometry":{"type":"LineString","coordinates":[[668949.1522642954,4010700.2813352495],[669002.0015656275,4010642.983690701],[669030.9448181579,4010624.0878132344]]},"properties":{"FACNAME":"LAS VEGAS WASH - MIDDLE","W_FT":82,"D_H_FT":10,"FAC_DESC":"CONC CHNL 82'W 10'D 0:1 SS","FACTYPE":3}},{"type":"Feature","geometry":{"type":"LineString","coordinates":[[667643.7377752962,4012388.634438278],[667995.7929621553,4012168.406772767]]},"properties":{"FACNAME":"LAS VEGAS WASH - MIDDLE","W_FT":18,"D_H_FT":9,"FAC_DESC":"CONC CHNL 18'W 9'D 1.5:1 SS","FACTYPE":3}},{"type":"Feature","geometry":{"type":"LineString","coordinates":[[669740.3635485085,4009757.4067851305],[669762.7544008599,4009726.7674932997]]},"properties":{"FACNAME":"LAS VEGAS WASH - MIDDLE","W_FT":90,"D_H_FT":5,"FAC_DESC":"SINGLE SPAN BRIDGE 90'W 5'D @ CHEYENNE","FACTYPE":24}},{"type":"Feature","geometry":{"type":"LineString","coordinates":[[669664.5847522211,4011687.4866537205],[669667.5163975622,4011672.6539406944],[669669.2272940091,4011663.6546958233],[669671.3561777354,4011656.917677046],[669673.4522852441,4011652.4360938654]]},"properties":{"FACNAME":"LAS VEGAS WASH - N CHANNEL","W_FT":11,"D_H_FT":6,"FAC_DESC":"2: CONC CHNL 4'-7'W 6'D 0:1 SS","FACTYPE":3}},{"type":"Feature","geometry":{"type":"LineString","coordinates":[[671822.8849045244,4013090.6907145763],[671825.3706136046,4013060.311016485]]},"properties":{"FACNAME":"RANGE WASH - WEST TRIBUTARY","W_FT":10,"D_H_FT":3,"FAC_DESC":"2: 10' X 3' RCB","FACTYPE":27}},{"type":"Feature","geometry":{"type":"LineString","coordinates":[[668421.1953217628,4009475.1877214564],[668432.1735691319,4009484.477494436],[668455.8365315071,4009482.256554566],[668518.335446542,4009596.6256262003],[668555.7595616202,4009661.3428804516],[668624.5224132277,4009777.1266501313],[668790.0209538824,4010067.372648216],[668780.8069736066,4010100.3155019707],[668789.0333559043,4010123.2144528585]]},"properties":{"FACNAME":"FREEWAY CHANNEL","W_FT":12,"D_H_FT":10,"FAC_DESC":"12' X 10' RCB","FACTYPE":27}},{"type":"Feature","geometry":{"type":"LineString","coordinates":[[671897.7375306739,4012858.705985364],[672075.4416807026,4012614.7145440765]]},"properties":{"FACNAME":"RANGE WASH - WEST TRIBUTARY","W_FT":8,"D_H_FT":4,"FAC_DESC":"CONC CHNL 8'W 4'D 1.5:1 SS (REPLACE W/ RWWE0108)","FACTYPE":3}},{"type":"Feature","geometry":{"type":"LineString","coordinates":[[674132.9201235663,4012906.380800927],[674136.8116356636,4012388.49154699]]},"properties":{"FACNAME":"NELLIS STORMDRAIN","W_FT":20,"D_H_FT":5,"FAC_DESC":"CONC CHNL 20'W 5'-8'D 0:1 SS","FACTYPE":3}},{"type":"Feature","geometry":{"type":"LineString","coordinates":[[668332.371283398,4010122.9916954422],[668502.2897390181,4010126.2615166237],[668736.1288835652,4010129.779507739]]},"properties":{"FACNAME":"LAS VEGAS WASH - COLTON","W_FT":9,"D_H_FT":6,"FAC_DESC":"9' X 6' RCB","FACTYPE":27}},{"type":"Feature","geometry":{"type":"LineString","coordinates":[[676957.1242695528,4016030.9448056933],[676974.0876721203,4016029.0760140577],[676982.9595694634,4016012.601750189],[677379.6879664499,4015996.93577525]]},"properties":{"FACNAME":"RANGE WASH - AZURE BRANCH","W_FT":10,"D_H_FT":6,"FAC_DESC":"10' X 6' RCB ","FACTYPE":27}},{"type":"Feature","geometry":{"type":"LineString","coordinates":[[672895.1408764463,4015727.1115179597],[672894.4243039431,4015726.172792882],[672894.163660995,4015725.8313281634],[672893.8896720667,4015725.4723655535],[672881.2176616321,4015708.8718703673],[672738.1043526427,4015533.7653864594]]},"properties":{"FACNAME":"RANGE WASH - RAILROAD CHANNEL","W_FT":15,"D_H_FT":5,"FAC_DESC":"CONC CHNL 15'W 5'D 0:1 SS","FACTYPE":3}},{"type":"Feature","geometry":{"type":"LineString","coordinates":[[669959.654183425,4011390.9606586164],[669969.8184729284,4011363.421569375]]},"properties":{"FACNAME":"LAS VEGAS WASH - N CHANNEL","W_FT":8,"D_H_FT":4,"FAC_DESC":"4: 8' X 4' RCBC @ ALEXANDER","FACTYPE":19}},{"type":"Feature","geometry":{"type":"LineString","coordinates":[[668081.0094965954,4011319.3096874463],[668115.0414649143,4011319.762117373]]},"properties":{"FACNAME":"WESTERN TRIBUTARY AT ALEXANDER RD","W_FT":16,"D_H_FT":5.5,"FAC_DESC":"16' X 5.5' RCBC @  DONNA","FACTYPE":19}},{"type":"Feature","geometry":{"type":"LineString","coordinates":[[669139.7269394412,4010746.3304718337],[669137.4570268254,4010740.8569404185],[669132.1769723176,4010733.442145727],[669120.9598375832,4010720.503314731],[669097.214161057,4010682.127166686],[669079.590127,4010654.0344114876],[669077.116223044,4010635.5721119726],[669080.9011898468,4010617.9849095484],[669096.0567350176,4010588.211013765]]},"properties":{"FACNAME":"LAS VEGAS WASH - KING CHARLES CHANNEL","W_FT":35,"D_H_FT":10,"FAC_DESC":"CONC CHNL 35'W 10'D 0:1 SS","FACTYPE":3}},{"type":"Feature","geometry":{"type":"LineString","coordinates":[[670092.131680043,4009766.749197398],[670091.7419494833,4009747.415079299],[670092.319742258,4009729.135647875]]},"properties":{"FACNAME":"LAS VEGAS WASH - N CHANNEL","W_FT":14,"D_H_FT":7,"FAC_DESC":"2: 14 'X 7'-6' CMAP @ CHEYENNE","FACTYPE":21}},{"type":"Feature","geometry":{"type":"LineString","coordinates":[[672456.9491492462,4015626.442121655],[672458.1403418942,4015545.038266729]]},"properties":{"FACNAME":"RANGE WASH - LAMB","W_FT":15,"D_H_FT":6,"FAC_DESC":"15' X 6' RCB","FACTYPE":27}},{"type":"Feature","geometry":{"type":"LineString","coordinates":[[677376.2633350499,4017038.6908957614],[677403.1651342809,4016991.7230115216],[677456.3980802661,4016948.6068099267],[677456.1118681881,4016915.1026215227],[677421.0668229877,4016847.6742771924],[677414.6971631281,4016835.5739740394],[677411.248182117,4016829.131442519],[677407.2465095267,4016821.0968615804],[677403.0431982102,4016811.8600327917],[677399.4665271945,4016803.2082708236],[677398.883557813,4016801.7236958644],[677398.2836013392,4016800.1150519676],[677396.1473825667,4016794.3867500173],[677395.5923976297,4016792.889882616],[677394.8561818588,4016790.6824464775],[677393.5097419051,4016786.6453800057],[677392.3894335383,4016783.278332755],[677390.5046281146,4016776.889101999],[677389.2468358052,4016772.4807720985],[677386.9891838367,4016763.6920917053],[677385.9968607267,4016759.1863309443],[677384.8870258953,4016754.147063036],[677384.514442681,4016752.1737870164],[677382.9927859788,4016743.8924609465],[677381.5992930193,4016734.4602219136],[677381.116427749,4016730.345681058],[677380.436843798,4016724.282742001],[677380.3570645547,4016723.4809430614],[677379.7886818128,4016716.0730109476],[677379.620865707,4016713.8855965426],[677379.5652929196,4016712.7487969454],[677379.2607798781,4016705.421039565],[677379.1746039857,4016702.473295303],[677379.1166463037,4016693.5386827383],[677379.1735998576,4016688.4038746133],[677380.8265525312,4016583.3013375998],[677382.1582541056,4016492.6356649967],[677382.6265432618,4016449.747188115]]},"properties":{"FACNAME":"RANGE WASH - HOLLYWOOD BRANCH","W_FT":0,"D_H_FT":7,"FAC_DESC":"84\" RCP","FACTYPE":26}},{"type":"Feature","geometry":{"type":"LineString","coordinates":[[669330.1329225856,4012971.560847879],[669331.850370267,4012941.1282453053],[669338.8027995485,4012911.450696379],[669350.3737521723,4012883.2512857076],[669369.4217545714,4012859.4550165692],[669391.041542276,4012837.9682707186],[669415.2740720928,4012819.4783423883],[669535.3816703246,4012725.6619411907],[669558.1133609177,4012705.355197623],[669576.7913740705,4012681.267351779],[669589.615825596,4012654.980406771],[669590.1562997423,4012653.8725551157],[669597.9709796293,4012624.4103136924],[669600.5536220924,4012594.0388430785],[669603.1111379699,4012532.078301338],[669604.324846106,4012502.673548637],[669606.1508738301,4012472.247206221],[669612.1505616924,4012442.362462802],[669613.5575028805,4012436.942578286],[669619.8092001209,4012412.8592271307],[669627.2949601037,4012383.3116562287],[669632.346661867,4012353.252224459],[669634.5295813812,4012322.8493999713],[669637.085927015,4012242.621284695]]},"properties":{"FACNAME":"UPPER LAS VEGAS WASH","W_FT":56,"D_H_FT":9,"FAC_DESC":"CONC CHNL 56'W 9'-10'D 0:1 SS","FACTYPE":3}},{"type":"Feature","geometry":{"type":"LineString","coordinates":[[675887.0006290929,4005838.6932994314],[675897.4123121084,4005094.337201882],[675897.0991543881,4005080.205584453]]},"properties":{"FACNAME":"RANGE WASH - SLOAN","W_FT":60,"D_H_FT":6,"FAC_DESC":"CONC CHNL 60'W 6'D 2:1 SS","FACTYPE":3}},{"type":"Feature","geometry":{"type":"LineString","coordinates":[[670352.0112982321,4016309.1587839704],[670364.8232273969,4016301.4358687047],[670390.0221956365,4016277.135561716],[670397.7978630876,4016277.3430739217],[670757.7514110832,4016286.949112097],[670776.1119397508,4016273.179013744],[670776.1090933197,4016272.5602834993],[670776.1339018028,4016272.5599464783]]},"properties":{"FACNAME":"RANGE WASH - CENTENNIAL COLLECTOR","W_FT":8,"D_H_FT":7,"FAC_DESC":"8' X 7' RCB","FACTYPE":27}},{"type":"Feature","geometry":{"type":"LineString","coordinates":[[673363.6474618532,4010756.236266713],[673410.7907478183,4010758.6680702157],[673629.4120950137,4010770.278955751],[673691.7553846422,4010774.0482269963],[673754.953668038,4010784.4985140236],[673788.4270319539,4010786.416848234],[673802.0446763743,4010789.9426195114]]},"properties":{"FACNAME":"RANGE WASH - SLOAN","W_FT":10,"D_H_FT":8,"FAC_DESC":"CONC CHNL 10'W 8'D 1.5:1 SS","FACTYPE":3}},{"type":"Feature","geometry":{"type":"LineString","coordinates":[[672951.5692754814,4015796.370331491],[672895.1408764463,4015727.1115179597]]},"properties":{"FACNAME":"RANGE WASH - RAILROAD CHANNEL","W_FT":15,"D_H_FT":4,"FAC_DESC":"15' X 4' RCB","FACTYPE":27}},{"type":"Feature","geometry":{"type":"LineString","coordinates":[[668749.3825336308,4016209.2798615997],[668782.4753323691,4016165.517716802]]},"properties":{"FACNAME":"UPPER LAS VEGAS WASH","W_FT":0,"D_H_FT":0,"FAC_DESC":"CONFLUENCE STRUCTURE","FACTYPE":33}},{"type":"Feature","geometry":{"type":"LineString","coordinates":[[667964.6405952027,4009100.3791049356],[668004.8605287067,4009109.513774337]]},"properties":{"FACNAME":"LAS VEGAS - BROOK","W_FT":9,"D_H_FT":3,"FAC_DESC":"2: 9' X 3' RCBC @ LOSEE","FACTYPE":19}},{"type":"Feature","geometry":{"type":"LineString","coordinates":[[671001.288776526,4004877.866318083],[671016.4316755496,4004862.8345063115],[671035.2664318411,4004842.8889783425],[671038.9389759663,4004656.6850360464],[671043.4149435966,4004486.3539978503],[671043.4815533116,4004478.0846820143],[671051.4324935182,4004471.240551505],[671066.0238193886,4004458.6804226823]]},"properties":{"FACNAME":"CEDAR AVENUE - BONANZA","W_FT":0,"D_H_FT":5,"FAC_DESC":"60\" RCP","FACTYPE":26}},{"type":"Feature","geometry":{"type":"LineString","coordinates":[[677022.3300734645,4005866.4946128344],[676964.8943619394,4005865.9524448053],[676822.8789195665,4005864.611656083],[676727.6080504622,4005863.506391898],[675931.8972897667,4005853.2394164163],[675894.5662872702,4005852.7576955426],[675887.0006290929,4005838.6932994314]]},"properties":{"FACNAME":"WASHINGTON AVENUE CONVEYANCE / DETENTION","W_FT":11,"D_H_FT":8.1,"FAC_DESC":"11' X 8.1' RCAP","FACTYPE":28}},{"type":"Feature","geometry":{"type":"LineString","coordinates":[[676644.7983095783,4014802.9895896297],[676977.5796897609,4014789.868006684],[677373.5490791451,4014786.534528648]]},"properties":{"FACNAME":"RANGE WASH - ANN BRANCH","W_FT":12,"D_H_FT":7,"FAC_DESC":"12' X 7' RCB","FACTYPE":27}},{"type":"Feature","geometry":{"type":"LineString","coordinates":[[672137.6241946811,4012406.521378764],[672139.9376524689,4012345.313285024]]},"properties":{"FACNAME":"RANGE WASH - WEST TRIBUTARY","W_FT":8,"D_H_FT":4,"FAC_DESC":"CONC CHNL 8'W 4'D 1.5:1 SS (REPLACE W/ RWWE0090)","FACTYPE":3}},{"type":"Feature","geometry":{"type":"LineString","coordinates":[[672459.2031617328,4015453.698558372],[672459.3172505683,4015449.127849088],[672459.5118075276,4015421.0612294287],[672450.9235273907,4015379.2239701236],[672455.9722331581,4015200.1636577537],[672447.5814903372,4015167.756794415]]},"properties":{"FACNAME":"RANGE WASH - LAMB","W_FT":9,"D_H_FT":6,"FAC_DESC":"9' X 6' RCB","FACTYPE":27}},{"type":"Feature","geometry":{"type":"LineString","coordinates":[[670787.1808712366,4015456.1376828267],[670787.4669579929,4015438.220002752]]},"properties":{"FACNAME":"RANGE WASH - WEST TRIBUTARY","W_FT":8,"D_H_FT":6,"FAC_DESC":"8' X 6' RCAP","FACTYPE":28}},{"type":"Feature","geometry":{"type":"LineString","coordinates":[[667854.334173431,4017460.338679996],[667877.708564661,4017426.8646203424]]},"properties":{"FACNAME":"UPPER LAS VEGAS WASH","W_FT":42,"D_H_FT":8,"FAC_DESC":"42' X 8' RCB","FACTYPE":27}},{"type":"Feature","geometry":{"type":"LineString","coordinates":[[676594.8134777899,4014831.636615894],[676597.4112898929,4014817.219991093],[676607.7388749507,4014805.7069088295],[676644.7983095783,4014802.9895896297]]},"properties":{"FACNAME":"RANGE WASH - ANN BRANCH","W_FT":12,"D_H_FT":5,"FAC_DESC":"12' X 5' RCB","FACTYPE":27}},{"type":"Feature","geometry":{"type":"LineString","coordinates":[[668956.1363288001,4014480.9462386575],[668974.2017027857,4013814.5966902077]]},"properties":{"FACNAME":"UPPER LAS VEGAS WASH","W_FT":56,"D_H_FT":9,"FAC_DESC":"CONC CHNL 56'W 9'D 0:1 SS","FACTYPE":3}},{"type":"Feature","geometry":{"type":"LineString","coordinates":[[674270.2567275352,4010732.6553204632],[674271.1631601651,4010723.5559674157],[674271.308117439,4010714.412678117]]},"properties":{"FACNAME":"RANGE WASH - SLOAN","W_FT":10,"D_H_FT":8,"FAC_DESC":"3: 10' X 8' RCBC @ TYNDALL STREET","FACTYPE":19}},{"type":"Feature","geometry":{"type":"LineString","coordinates":[[677363.3164240672,4017937.1733495933],[677365.8445072423,4017791.21933564],[677371.9507976375,4017442.2526211184],[677374.5131137595,4017396.962201439]]},"properties":{"FACNAME":"RANGE WASH - HOLLYWOOD BRANCH","W_FT":0,"D_H_FT":6.5,"FAC_DESC":"78\" RCP","FACTYPE":26}},{"type":"Feature","geometry":{"type":"LineString","coordinates":[[670857.6086931978,4016466.9490628745],[670772.9989913572,4016403.573030566],[670776.1339018028,4016272.5599464783]]},"properties":{"FACNAME":"RANGE WASH - WEST TRIBUTARY","W_FT":0,"D_H_FT":2.5,"FAC_DESC":"2: 38\" X 24\" HERCP OUTLET","FACTYPE":29}},{"type":"Feature","geometry":{"type":"LineString","coordinates":[[675900.278287139,4007086.109471649],[675898.2813715462,4007061.7669380778],[675879.8790314647,4006797.2800535853],[675878.081458519,4006717.097860657],[675876.6703558905,4006682.774599877]]},"properties":{"FACNAME":"RANGE WASH - SLOAN","W_FT":48,"D_H_FT":6,"FAC_DESC":"CONC CHNL 48'W 6'D 2:1 SS","FACTYPE":3}},{"type":"Feature","geometry":{"type":"LineString","coordinates":[[668653.822348801,4009903.5861458983],[668789.0333559043,4010123.2144528585],[668805.5283596648,4010152.8677666383]]},"properties":{"FACNAME":"FREEWAY CHANNEL","W_FT":20,"D_H_FT":10,"FAC_DESC":"CONC CHNL 20'W 10'D 1.5: SS","FACTYPE":3}},{"type":"Feature","geometry":{"type":"LineString","coordinates":[[672523.1408855005,4017958.2096556965],[672523.1789147721,4017958.201211127],[672532.0950585844,4017956.2257352765],[672544.5819455526,4017953.026647154],[672556.9573784783,4017949.4202666613],[672569.2079996513,4017945.4103987827],[672581.3206440218,4017941.001351408],[672593.2824406594,4017936.197836789],[672610.9992901931,4017928.7440711707],[672611.1726827559,4017928.6711984845],[672611.3841173311,4017928.582180263],[672707.5487960156,4017888.1239270647],[672716.440188605,4017884.416827209],[672724.8383664773,4017881.0404567863],[672735.1659443078,4017877.2670696867],[672743.3000988418,4017874.586438012],[672745.608680723,4017873.825617641],[672756.1561222617,4017870.7196481866],[672757.1462401956,4017870.4621031503],[672758.163966143,4017870.1974611823],[672766.7974242555,4017867.952103041],[672766.9480459309,4017867.918002759],[672777.5217391155,4017865.526123931],[672814.5386753783,4017857.109721927],[672851.2468930413,4017847.434710443],[672885.2835709178,4017837.2093082247],[672887.6034204377,4017836.5123617435],[672918.7234744745,4017825.992519577],[672923.5660638533,4017824.355459724],[672931.2656573545,4017821.4562312085],[672932.061060746,4017821.156729359],[672936.1298974077,4017819.624658967],[672937.4779304743,4017819.1170152486],[672949.9753895865,4017814.4111462263],[672959.0927105148,4017810.978089689],[672994.1420256051,4017796.395848572],[672998.8479911732,4017794.2467110814]]},"properties":{"FACNAME":"RANGE WASH - BELTWAY EAST","W_FT":10,"D_H_FT":3,"FAC_DESC":"CONC CHNL 10' W 3'D 2:1 SS","FACTYPE":3}},{"type":"Feature","geometry":{"type":"LineString","coordinates":[[675877.5631979125,4008366.8591039767],[675877.4885926847,4008354.8859108523],[675877.044128344,4008348.539709247],[675876.6923908403,4008341.5902663423],[675876.3425373952,4008337.2500657337],[675875.3651585337,4008331.7068069507],[675873.6307024636,4008327.5160037302],[675870.7979243742,4008322.575437029]]},"properties":{"FACNAME":"RANGE WASH - SLOAN","W_FT":14,"D_H_FT":4,"FAC_DESC":"3: 14' X 4' RCBC @ CAREY AVE","FACTYPE":19}},{"type":"Feature","geometry":{"type":"LineString","coordinates":[[677425.7760113439,4014492.761143902],[677426.9898097572,4014466.4337811517],[677429.8190077333,4014386.094689207],[677433.0647038782,4014345.124944847],[677448.7128728237,4014315.5832829177],[677461.4626720935,4014286.7589421277]]},"properties":{"FACNAME":"RANGE WASH - HOLLYWOOD BRANCH","W_FT":12,"D_H_FT":6,"FAC_DESC":"2: 12' X 6' RCB ","FACTYPE":27}},{"type":"Feature","geometry":{"type":"LineString","coordinates":[[671478.443254429,4013993.3579551447],[671440.6186836374,4013946.610545846],[671433.3721452098,4013936.805035621],[671433.0875810392,4013924.615804078],[671439.9176879697,4013914.516133236],[671443.0265887731,4013912.447902891]]},"properties":{"FACNAME":"RANGE WASH - WEST TRIBUTARY","W_FT":22,"D_H_FT":13,"FAC_DESC":"CONC CHNL 22'W 13'D 0:1 SS","FACTYPE":3}},{"type":"Feature","geometry":{"type":"LineString","coordinates":[[680781.9877189397,4016832.9507604227],[680788.9599133224,4016650.5253454237],[680729.9387942682,4016392.778474549],[680765.9947188706,4016278.685279446],[680726.8796315864,4016167.527827997],[680609.108267979,4016023.083797212],[680551.028963955,4015702.6883819983],[680441.396370298,4015380.9281198652],[680400.6184387987,4015043.143584395],[680348.9255068031,4014809.3885880136]]},"properties":{"FACNAME":"RANGE WASH - EAST TRIBUTARY","W_FT":465,"D_H_FT":0,"FAC_DESC":"NATURAL WASH 465'W","FACTYPE":1}},{"type":"Feature","geometry":{"type":"LineString","coordinates":[[678213.9460014831,4006415.7609797814],[678142.846316628,4006424.1483734436],[678039.0619328709,4006375.07077727]]},"properties":{"FACNAME":"WASHINGTON AVENUE CONVEYANCE / DETENTION","W_FT":0,"D_H_FT":3,"FAC_DESC":"36\" RCP OUTLET","FACTYPE":29}},{"type":"Feature","geometry":{"type":"LineString","coordinates":[[672140.6461365866,4012294.9546234417],[672154.6986823494,4011963.7004586156],[672161.6970401934,4011937.35038774],[672176.6690466638,4011918.4646865437],[672192.2788283052,4011906.20158428],[672258.0908615468,4011877.7722186437],[672336.4239087063,4011847.321489743],[672360.7097793332,4011844.7374479063],[672476.8248360723,4011843.4960749256],[672512.3880907114,4011823.441903625]]},"properties":{"FACNAME":"RANGE WASH - WEST TRIBUTARY","W_FT":0,"D_H_FT":5.5,"FAC_DESC":"2: 66\" RCP","FACTYPE":26}},{"type":"Feature","geometry":{"type":"LineString","coordinates":[[670684.8703868281,4007773.8313049055],[670737.2863082045,4007693.213004625],[670782.3616289111,4007626.475245411],[670827.531703934,4007559.597231283],[670897.736435418,4007448.2923779637],[670945.0400484581,4007389.3188092993]]},"properties":{"FACNAME":"LAS VEGAS WASH - MIDDLE","W_FT":78,"D_H_FT":8.5,"FAC_DESC":"CONC CHNL 78'W 8.5'D 0:1 SS","FACTYPE":3}},{"type":"Feature","geometry":{"type":"LineString","coordinates":[[673035.3248980094,4011068.519054465],[673049.9188428756,4011041.7583522312],[673066.4743211151,4011016.164793823]]},"properties":{"FACNAME":"RANGE WASH - SLOAN","W_FT":10,"D_H_FT":7,"FAC_DESC":"7: 10' X 7' RCBC @ LAS VEGAS BLVD","FACTYPE":19}},{"type":"Feature","geometry":{"type":"LineString","coordinates":[[671767.7422373788,4013682.721414954],[671817.8486555652,4013489.405425567],[671834.0818286986,4013133.650838508],[671841.6647170899,4013025.118632728],[671846.1419622767,4012994.967987856],[671859.5286481018,4012951.5271758772],[671871.9867626042,4012923.708071112],[671896.4646923138,4012885.40818785],[672099.2031100065,4012605.1306642136],[672116.7550227834,4012578.6815060456],[672136.9320483897,4012536.835259286],[672145.7155146771,4012507.6469843956],[672152.3685832561,4012460.3945964915],[672152.6125482977,4012433.5547076664],[672137.249000518,4012417.8775662603]]},"properties":{"FACNAME":"RANGE WASH - WEST TRIBUTARY","W_FT":0,"D_H_FT":3,"FAC_DESC":"36\" RCP OUTLET","FACTYPE":29}},{"type":"Feature","geometry":{"type":"LineString","coordinates":[[673524.8782147106,4011902.258386066],[673576.3282546609,4011831.9037704673]]},"properties":{"FACNAME":"SLOAN CHANNEL EAST BRANCH","W_FT":25,"D_H_FT":7,"FAC_DESC":"CONC CHNL 25'W 7'D 0:1 SS","FACTYPE":3}},{"type":"Feature","geometry":{"type":"LineString","coordinates":[[669291.2406767452,4010396.5117772147],[669298.0614968935,4010387.1666688123],[669394.7048819319,4010251.7809120314],[669413.5373779775,4010236.187672692],[669448.3150530274,4010215.355330297]]},"properties":{"FACNAME":"LAS VEGAS WASH - MIDDLE","W_FT":120,"D_H_FT":10,"FAC_DESC":"CONC CHNL 120'D 10'W 0:1 SS","FACTYPE":3}},{"type":"Feature","geometry":{"type":"LineString","coordinates":[[668701.5301455846,4016274.6414701133],[668749.3825336308,4016209.2798615997]]},"properties":{"FACNAME":"UPPER LAS VEGAS WASH","W_FT":46,"D_H_FT":9,"FAC_DESC":"46' X 9' RCBC @ CENTENNIAL","FACTYPE":19}},{"type":"Feature","geometry":{"type":"LineString","coordinates":[[677739.4042497118,4014238.344032705],[677765.3965175981,4014228.7533277143],[677787.2046949008,4014219.525082326]]},"properties":{"FACNAME":"RANGE WASH - HOLLYWOOD BRANCH","W_FT":12,"D_H_FT":9,"FAC_DESC":"2: 12' X 9' RCBC","FACTYPE":19}},{"type":"Feature","geometry":{"type":"LineString","coordinates":[[674177.3993588517,4010805.226400925],[674213.2051314075,4010803.586582464],[674225.9740742908,4010798.319801764],[674234.3905605506,4010793.4968740153],[674249.1014204749,4010781.03806834],[674262.3352481882,4010763.9202562175],[674266.8698089712,4010749.766853081],[674269.8410859235,4010736.827388005],[674270.2567275352,4010732.6553204632]]},"properties":{"FACNAME":"RANGE WASH - SLOAN","W_FT":16,"D_H_FT":9,"FAC_DESC":"CONC CHNL 16'W 9'D 1.5:1 SS","FACTYPE":3}},{"type":"Feature","geometry":{"type":"LineString","coordinates":[[668199.3700489355,4009084.0089664543],[668421.1953217628,4009475.1877214564]]},"properties":{"FACNAME":"FREEWAY CHANNEL","W_FT":20,"D_H_FT":10,"FAC_DESC":"CONC CHNL 20'W 10'D 1.5:1 SS (REPLACE W/ LV150079)","FACTYPE":3}},{"type":"Feature","geometry":{"type":"LineString","coordinates":[[668909.5994994362,4010761.060479318],[668928.120223817,4010729.787385448]]},"properties":{"FACNAME":"LAS VEGAS WASH - MIDDLE","W_FT":100,"D_H_FT":12,"FAC_DESC":"4 SPAN BRIDGE 100'W 12'D 2:1 SS @ LOSEE","FACTYPE":24}},{"type":"Feature","geometry":{"type":"LineString","coordinates":[[671604.0450321697,4016322.1380151724],[671608.3326382102,4015918.1660628305]]},"properties":{"FACNAME":"RANGE WASH - WALNUT","W_FT":10,"D_H_FT":4,"FAC_DESC":"10' X 4' RCB","FACTYPE":27}},{"type":"Feature","geometry":{"type":"LineString","coordinates":[[677462.050591298,4007451.535443197],[677387.4070742943,4007451.4047316522],[676799.5637629913,4007464.135565304],[675909.157837601,4007479.4364014347],[675898.2074181264,4007467.891230271]]},"properties":{"FACNAME":"LAKE MEAD CONVEYANCE","W_FT":0,"D_H_FT":4,"FAC_DESC":"48\" RCP","FACTYPE":26}},{"type":"Feature","geometry":{"type":"LineString","coordinates":[[671809.052106942,4005701.7125102333],[671817.5205316263,4005703.507911217],[671826.5761044696,4005704.7785079265],[671834.8514044031,4005708.669595851],[671837.3366853441,4005717.4697674992],[671833.6208078738,4005755.389759269],[671831.7388497518,4005974.1213587187],[671833.3413921612,4005989.277472924],[671844.4942627442,4005999.6645333124],[671859.362655284,4006003.012414768],[671888.9266199361,4006010.433961506]]},"properties":{"FACNAME":"WASHINGTON AVENUE CHANNEL","W_FT":12,"D_H_FT":8,"FAC_DESC":"3: 12' X 8' RCB","FACTYPE":27}},{"type":"Feature","geometry":{"type":"LineString","coordinates":[[677386.5018767416,4015597.9607852604],[677401.9037537158,4015181.729092129],[677413.5337948024,4014758.290406516]]},"properties":{"FACNAME":"RANGE WASH - HOLLYWOOD BRANCH","W_FT":12,"D_H_FT":6,"FAC_DESC":"12' X 6' RCB","FACTYPE":27}},{"type":"Feature","geometry":{"type":"LineString","coordinates":[[670106.640328161,4009281.100189659],[670108.9526399411,4009220.181893163]]},"properties":{"FACNAME":"LAS VEGAS WASH - N CHANNEL","W_FT":18,"D_H_FT":8.5,"FAC_DESC":"CONC CHNL 18'W 8.5'D 0:1 SS","FACTYPE":3}},{"type":"Feature","geometry":{"type":"LineString","coordinates":[[669663.7777745659,4011700.3717548805],[669664.5847522211,4011687.4866537205]]},"properties":{"FACNAME":"LAS VEGAS WASH - KING CHARLES CHANNEL","W_FT":52.6,"D_H_FT":8.6,"FAC_DESC":"CONC CHNL 52.6'W 8.6'D 0:1 SS","FACTYPE":3}},{"type":"Feature","geometry":{"type":"LineString","coordinates":[[669662.8312779489,4011718.9412096445],[669663.3181371816,4011707.7097595744],[669663.7777745659,4011700.3717548805]]},"properties":{"FACNAME":"LAS VEGAS WASH - KING CHARLES CHANNEL","W_FT":52.6,"D_H_FT":9.5,"FAC_DESC":"4 SPAN BRIDGE 52.6'W 9.5'D @ UPRR","FACTYPE":24}},{"type":"Feature","geometry":{"type":"LineString","coordinates":[[671888.9266199361,4006010.433961506],[671949.5300849053,4005980.463935321],[671968.0543641879,4005972.891494793],[672024.5093841153,4005954.341960187],[672080.8518703625,4005943.540414605],[672131.383158939,4005932.6534051644],[672214.7870011823,4005926.1221943125],[672287.5365710694,4005919.434897775],[672612.8554450236,4005907.032410972],[672614.6830347327,4005906.9626844693]]},"properties":{"FACNAME":"LAS VEGAS WASH - MIDDLE","W_FT":80,"D_H_FT":10,"FAC_DESC":"EARTH CHNL 80'W 10'D 2:1 SS (REPLACE W/ LVMD1273)","FACTYPE":2}},{"type":"Feature","geometry":{"type":"LineString","coordinates":[[672940.7183462601,4011371.891165557],[672942.091191608,4011277.9877636232]]},"properties":{"FACNAME":"RANGE WASH - WEST TRIBUTARY","W_FT":25,"D_H_FT":5.5,"FAC_DESC":"CONC CHNL 25'W 5.5'D 0:1 SS","FACTYPE":3}},{"type":"Feature","geometry":{"type":"LineString","coordinates":[[668114.5323613768,4016983.726213067],[668124.2971608914,4016972.0229468127],[668701.5301455846,4016274.6414701133]]},"properties":{"FACNAME":"UPPER LAS VEGAS WASH","W_FT":46,"D_H_FT":9,"FAC_DESC":"CONC CHNL 46'W 9'D 0:1 SS","FACTYPE":3}},{"type":"Feature","geometry":{"type":"LineString","coordinates":[[667691.9739260039,4005384.938520639],[667704.6361573406,4005384.2093804586],[667712.5157675573,4005389.6302377935],[667738.980931249,4005484.858701679],[667739.5870464111,4005485.630353476],[667753.448865753,4005503.276881246],[667756.5519712915,4005510.236613195],[667758.5109341599,4005517.7710180315],[667784.2365291812,4005623.9609721773],[667787.2216631415,4005631.081905148],[667790.7436538994,4005637.8545298],[667795.8151605164,4005643.9826913294],[667802.9122714127,4005650.587990408],[667808.6580942015,4005654.1458540764],[667819.7607851191,4005658.1110822153],[667828.1465777768,4005658.825309677],[667928.4157893619,4005660.4418502674],[668171.6151986179,4005664.753826874],[668288.9438309382,4005667.0752318758],[668349.8938373443,4005668.269160319],[668380.3715634671,4005668.7141938624],[668397.9430932,4005668.98467397],[668428.321186723,4005671.486131611]]},"properties":{"FACNAME":"WASHINGTON AVENUE CHANNEL","W_FT":12,"D_H_FT":8,"FAC_DESC":"12' X 8' RCB","FACTYPE":27}},{"type":"Feature","geometry":{"type":"LineString","coordinates":[[668954.774290497,4014573.9032892827],[668956.1363288001,4014480.9462386575]]},"properties":{"FACNAME":"UPPER LAS VEGAS WASH","W_FT":0,"D_H_FT":0,"FAC_DESC":"CONFLUENCE STRUCTURE","FACTYPE":33}},{"type":"Feature","geometry":{"type":"LineString","coordinates":[[671614.5523690041,4016754.1737711797],[671547.0511159286,4016741.301340173]]},"properties":{"FACNAME":"RANGE WASH - WEST TRIBUTARY","W_FT":12,"D_H_FT":4,"FAC_DESC":"12' X 4' RCBC","FACTYPE":19}},{"type":"Feature","geometry":{"type":"LineString","coordinates":[[674307.7131070034,4017135.0964717036],[674278.8582841338,4017116.5235957396],[674278.4336179679,4017116.250338321],[674253.3295388166,4017100.0918323756],[674249.9801764209,4017097.9358800505],[674178.68294362,4017052.0445376392],[674178.260062787,4017051.7723066756],[674032.5957750843,4016958.013552731],[674032.0455731016,4016957.6594460835],[673998.1315460519,4016935.8302606726],[673996.8955019183,4016935.034549009],[673991.485435215,4016931.5523381634],[673990.120780165,4016930.6740316367],[673974.3402164836,4016920.5166246863],[673972.0876899222,4016919.121444975],[673969.7881996386,4016917.805290072],[673967.44412207,4016916.56979501],[673965.0588335977,4016915.416609449],[673962.6348208936,4016914.3466699244],[673960.9171244092,4016913.658825939],[673960.7264133539,4016913.5824231673],[673960.1750603591,4016913.3616202534],[673959.7277535172,4016913.200249165],[673957.6827357031,4016912.462607192],[673956.6199796585,4016912.1205012817],[673956.4589140386,4016912.0686361305],[673955.1606321143,4016911.6506716665],[673954.7123262078,4016911.5233911863],[673954.4119497272,4016911.4229797777],[673954.1009728318,4016911.349817402],[673952.6118347733,4016910.9268589877],[673950.039433244,4016910.291914482],[673947.446615627,4016909.7466849354],[673947.2088863626,4016909.705199398],[673946.7251473704,4016909.620806923],[673944.8363744145,4016909.2917142226],[673942.2118991705,4016908.9277491397],[673939.5763867749,4016908.6550365007],[673936.932931181,4016908.4740216625],[673934.2849292562,4016908.384954365],[673931.6352822843,4016908.387777066],[673929.2165739171,4016908.3903795276],[673926.7992950082,4016908.3089900557],[673924.3861439372,4016908.1437481577],[673923.2955289781,4016908.030869668],[673922.544354147,4016907.9529642565],[673921.9803219653,4016907.8946006796],[673919.5846216114,4016907.5620885785],[673917.2018368428,4016907.146652812],[673914.834863089,4016906.6486358047],[673913.4227519735,4016906.2998161004],[673912.4867899207,4016906.0687828935],[673910.160011329,4016905.4075291813],[673907.8579110103,4016904.6660243664],[673905.8610519732,4016903.9453899744],[673904.7467531937,4016903.510015547],[673903.3376021251,4016902.9453061563],[673902.6120797032,4016902.624939087],[673901.3685252934,4016902.0758556104],[673901.1248624873,4016901.9682731354],[673898.9476448267,4016900.9149483214],[673896.8082314436,4016899.786565305],[673894.7093002113,4016898.584663515],[673892.6533334135,4016897.3104794696],[673890.642907468,4016895.9656511243],[673888.6804988091,4016894.551814973],[673887.7495102317,4016893.830679636]]},"properties":{"FACNAME":"RANGE WASH - RAILROAD CHANNEL","W_FT":12,"D_H_FT":4.25,"FAC_DESC":"CONC CHNL 12'W 4.25-4.0'D 0:1 SS","FACTYPE":3}},{"type":"Feature","geometry":{"type":"LineString","coordinates":[[673744.1241009462,4011015.8933807276],[673751.998804505,4011002.3605200136],[673754.6049509945,4010974.847120557],[673754.5179612271,4010905.416369845],[673755.2105626818,4010858.037573891],[673755.5649083443,4010833.7976595606],[673763.6611871606,4010814.6237727916],[673781.4582125474,4010801.678119568],[673802.0446763743,4010789.9426195114]]},"properties":{"FACNAME":"SLOAN CHANNEL EAST BRANCH","W_FT":10,"D_H_FT":8,"FAC_DESC":"CONC CHNL 10'W 8'D 1.5:1 SS","FACTYPE":3}},{"type":"Feature","geometry":{"type":"LineString","coordinates":[[671614.996507874,4006539.8861750485],[671618.118106759,4006521.865735814],[671616.3943269359,4006503.6585145225]]},"properties":{"FACNAME":"LAS VEGAS WASH - MIDDLE","W_FT":110,"D_H_FT":8,"FAC_DESC":"5 SPAN BRIDGE 110'W 7'-8'D 2:1 SS @ OWENS","FACTYPE":24}},{"type":"Feature","geometry":{"type":"LineString","coordinates":[[671610.3415270448,4015737.012147342],[671613.1549437998,4015483.3047242532]]},"properties":{"FACNAME":"RANGE WASH - WALNUT","W_FT":14,"D_H_FT":7,"FAC_DESC":"14' X 7' RCB","FACTYPE":27}},{"type":"Feature","geometry":{"type":"LineString","coordinates":[[669096.0567350176,4010588.211013765],[669117.5808792778,4010559.961304066]]},"properties":{"FACNAME":"LAS VEGAS WASH - MIDDLE","W_FT":75,"D_H_FT":10,"FAC_DESC":"3 SPAN BRIDGE 75'W 10'D 2:1 SS @ I-15","FACTYPE":24}},{"type":"Feature","geometry":{"type":"LineString","coordinates":[[668902.7320693786,4015672.82377353],[668904.1190733523,4015642.3743867516],[668906.6253807127,4015611.9965862446],[668910.4222989054,4015581.7529866993],[668913.9324514401,4015561.0934068966]]},"properties":{"FACNAME":"UPPER LAS VEGAS WASH","W_FT":50,"D_H_FT":11,"FAC_DESC":"CONC CHNL 50'W 11'D 0:1 SS","FACTYPE":3}},{"type":"Feature","geometry":{"type":"LineString","coordinates":[[675892.7337127323,4007904.431390524],[675892.9665696269,4007893.517256489],[675893.0591375248,4007886.147136771]]},"properties":{"FACNAME":"RANGE WASH - SLOAN","W_FT":12,"D_H_FT":5.5,"FAC_DESC":"4: 12' X 5.5' RCBC @ JUDSON AVE","FACTYPE":19}},{"type":"Feature","geometry":{"type":"LineString","coordinates":[[672614.6830347327,4005906.9626844693],[672631.1310338561,4005906.335741476],[672649.4194869017,4005906.2170456913]]},"properties":{"FACNAME":"LAS VEGAS WASH - MIDDLE","W_FT":94,"D_H_FT":12,"FAC_DESC":"4 SPAN BRIDGE 94'W 10'-12'D 2:1 SS @ LAMB","FACTYPE":24}},{"type":"Feature","geometry":{"type":"LineString","coordinates":[[669220.9209980904,4012278.669704402],[669222.6430245277,4012196.389011283],[669226.5627013082,4012190.360785476],[669232.7541133221,4012186.7045010026],[669255.7751963797,4012187.6552095436]]},"properties":{"FACNAME":"LAS VEGAS WASH - LOSEE","W_FT":10,"D_H_FT":5,"FAC_DESC":"10' X 5' RCB","FACTYPE":27}},{"type":"Feature","geometry":{"type":"LineString","coordinates":[[678697.0813917682,4013183.887359006],[678697.1726840364,4013160.980146951]]},"properties":{"FACNAME":"RANGE WASH - HOLLYWOOD BRANCH","W_FT":16,"D_H_FT":6,"FAC_DESC":"3: 16' X 6' RCBC","FACTYPE":19}},{"type":"Feature","geometry":{"type":"LineString","coordinates":[[673522.7631098374,4012122.0838064468],[673523.3276200881,4012097.2257891805],[673524.4983344928,4011913.149584403]]},"properties":{"FACNAME":"SLOAN CHANNEL EAST BRANCH","W_FT":10,"D_H_FT":6,"FAC_DESC":"CONC CHNL 10'W 6'D 1:1 SS","FACTYPE":3}},{"type":"Feature","geometry":{"type":"LineString","coordinates":[[669673.4522852441,4011652.4360938654],[669687.798385187,4011634.6371298297]]},"properties":{"FACNAME":"LAS VEGAS WASH - N CHANNEL","W_FT":7.83,"D_H_FT":6,"FAC_DESC":"2: 7.83' X 6' RCBC @ DONOVAN WAY","FACTYPE":19}},{"type":"Feature","geometry":{"type":"LineString","coordinates":[[677787.2046949008,4014219.525082326],[678665.8098881476,4013481.647145989],[678679.0342850056,4013464.6562893223],[678690.4974135035,4013442.8153598676],[678697.6655233892,4013421.7058413997],[678701.1872993667,4013398.450537875],[678697.0813917682,4013183.887359006]]},"properties":{"FACNAME":"RANGE WASH - HOLLYWOOD BRANCH","W_FT":36,"D_H_FT":7,"FAC_DESC":"CONC CHNL 36'W 6'-7.5'D 0:1SS","FACTYPE":3}},{"type":"Feature","geometry":{"type":"LineString","coordinates":[[669614.8668910507,4009939.268076197],[669638.9348530598,4009902.4106501457]]},"properties":{"FACNAME":"LAS VEGAS WASH - MIDDLE","W_FT":0,"D_H_FT":0,"FAC_DESC":"TRANSITION STRUCTURE","FACTYPE":41}},{"type":"Feature","geometry":{"type":"LineString","coordinates":[[673635.000643126,4011753.897551969],[673643.5725145724,4011742.3872131747]]},"properties":{"FACNAME":"SLOAN CHANNEL EAST BRANCH","W_FT":12,"D_H_FT":6,"FAC_DESC":"2: 12' X 6' RCBC @ VALMARK","FACTYPE":19}},{"type":"Feature","geometry":{"type":"LineString","coordinates":[[669448.3150530274,4010215.355330297],[669510.5905171039,4010185.075625977]]},"properties":{"FACNAME":"LAS VEGAS WASH - MIDDLE","W_FT":0,"D_H_FT":0,"FAC_DESC":"TRANSITION STRUCTURE","FACTYPE":41}},{"type":"Feature","geometry":{"type":"LineString","coordinates":[[675056.5847799421,4009945.4736800683],[675059.9718647376,4009938.64730824],[675064.2921724755,4009932.369959479]]},"properties":{"FACNAME":"RANGE WASH - SLOAN","W_FT":24,"D_H_FT":10,"FAC_DESC":"2 SPAN BRIDGE 24'W 10'D","FACTYPE":43}},{"type":"Feature","geometry":{"type":"LineString","coordinates":[[669762.7544008599,4009726.7674932997],[669807.3943892341,4009665.994796737],[669836.1417502785,4009635.6003099536],[669849.4580755213,4009620.711507306],[669862.8091976732,4009603.441678248],[669890.0822012773,4009557.0022874405],[670011.8440609672,4009336.415274598],[670039.1953296023,4009285.015285236],[670110.4938040972,4009173.248198964]]},"properties":{"FACNAME":"LAS VEGAS WASH - MIDDLE","W_FT":90,"D_H_FT":7.5,"FAC_DESC":"CONC CHNL 90'W 7.5'-9'D 0:1 SS","FACTYPE":3}},{"type":"Feature","geometry":{"type":"LineString","coordinates":[[668195.2922044541,4011321.450426143],[668308.0474488261,4011323.78256387]]},"properties":{"FACNAME":"WESTERN TRIBUTARY AT ALEXANDER RD","W_FT":16,"D_H_FT":7,"FAC_DESC":"16' X 7' RCB","FACTYPE":27}},{"type":"Feature","geometry":{"type":"LineString","coordinates":[[677518.9131914333,4006373.0012777927],[677433.8070803673,4006371.019342092],[677425.7246927235,4006360.9496748205],[677422.367776997,4006351.571821906],[677421.9385843728,4006345.1358009777],[677420.9920951932,4006330.9412561385],[677421.1362673659,4006294.654519306],[677422.0835241312,4006158.441845728],[677422.7494790473,4006077.1845635176],[677423.1604409069,4005872.5502553866],[677423.1647826254,4005870.376262798],[677419.3183728878,4005870.320094767],[677419.1804797113,4005870.318081154],[677419.1816099036,4005870.2406849815]]},"properties":{"FACNAME":"WASHINGTON AVENUE CONVEYANCE / DETENTION","W_FT":10,"D_H_FT":5,"FAC_DESC":"CONC CHNL 10'W 5'D 2:1 SS","FACTYPE":3}},{"type":"Feature","geometry":{"type":"LineString","coordinates":[[670091.5166928604,4010560.528617398],[670091.5872053691,4010556.4778773477],[670091.8407756422,4010541.9290339015],[670091.8283113108,4010539.9148680023],[670091.5552260757,4010536.2027539043],[670091.5356888742,4010536.0819513467],[670090.9597401062,4010532.5286332234],[670090.3641555635,4010528.854411099],[670090.1650008422,4010526.1467190175],[670090.0911701958,4010525.1422984903],[670090.0787028378,4010523.1283325898],[670090.1558367612,4010518.699836116],[670091.347847851,4010450.2262121327]]},"properties":{"FACNAME":"LAS VEGAS WASH - N CHANNEL","W_FT":40,"D_H_FT":8,"FAC_DESC":"TRANSITION CONC CHNL","FACTYPE":3}},{"type":"Feature","geometry":{"type":"LineString","coordinates":[[668059.1239366308,4012134.0736755677],[668359.2505129732,4011856.6653197547],[668436.147276843,4011788.9986193026],[668484.2208738885,4011745.817448371],[668527.4123391783,4011712.0534737306],[668730.014549943,4011564.3866227674],[668741.6027925378,4011556.1463987646],[668783.9477559947,4011526.035396278],[668825.6923786593,4011492.3782242946],[668850.0253386382,4011461.072840046],[668868.3512786481,4011414.6282654135],[668877.6412648949,4011355.6037750402]]},"properties":{"FACNAME":"LAS VEGAS WASH - MIDDLE","W_FT":20,"D_H_FT":10,"FAC_DESC":"CONC CHNL 20'W 10'D 2:1 SS","FACTYPE":3}},{"type":"Feature","geometry":{"type":"LineString","coordinates":[[670665.5729571367,4017803.996769202],[670685.1846742687,4017801.0377217485],[670699.6084340578,4017794.711851497],[670711.5811834644,4017791.136396382],[670722.1803189208,4017788.6278867912],[670743.4378676962,4017787.0971337794],[670759.3765483309,4017784.070809365],[670767.0732502574,4017782.4312380934],[670774.6448115702,4017777.848813464],[670783.4196704293,4017768.407406269],[670788.8246327379,4017758.707333578],[670792.6760839666,4017748.1730010645],[670794.789621073,4017737.383492593],[670795.9129883554,4017722.660826591],[670796.4785446606,4017709.087960196],[670795.6095054329,4017699.3879496227],[670794.4382034665,4017677.597082317],[670793.2573267933,4017657.5532253394],[670790.1506341398,4017637.2592436806],[670785.9153629205,4017621.5094939834],[670785.2852599431,4017607.252328579],[670785.7567522412,4017591.892629668]]},"properties":{"FACNAME":"RANGE WASH - WEST TRIBUTARY","W_FT":16,"D_H_FT":8,"FAC_DESC":"16' X 8' RCB","FACTYPE":27}},{"type":"Feature","geometry":{"type":"LineString","coordinates":[[669042.1278141339,4010617.9260104583],[669096.0567350176,4010588.211013765]]},"properties":{"FACNAME":"LAS VEGAS WASH - MIDDLE","W_FT":0,"D_H_FT":0,"FAC_DESC":"TRANSITION STRUCTURE","FACTYPE":41}},{"type":"Feature","geometry":{"type":"LineString","coordinates":[[667788.442635472,4005663.197918257],[668428.321186723,4005671.486131611]]},"properties":{"FACNAME":"WASHINGTON AVENUE CHANNEL PARALLEL","W_FT":12,"D_H_FT":8,"FAC_DESC":"12' X 8' RCB","FACTYPE":27}},{"type":"Feature","geometry":{"type":"LineString","coordinates":[[675876.5512277742,4006659.916727876],[675880.2757433621,4006327.200941686],[675881.1954438922,4006306.802429311],[675886.7641868687,4005892.295065789],[675886.778171798,4005869.173595464]]},"properties":{"FACNAME":"RANGE WASH - SLOAN","W_FT":60,"D_H_FT":6,"FAC_DESC":"CONC CHNL 60'W 6'D 2:1 SS","FACTYPE":3}},{"type":"Feature","geometry":{"type":"LineString","coordinates":[[667807.6641562617,4014562.039891094],[668363.5033540337,4014585.732246617]]},"properties":{"FACNAME":"ANN ROAD CHANNEL EAST","W_FT":9,"D_H_FT":6,"FAC_DESC":"9' X 6' RCB","FACTYPE":27}},{"type":"Feature","geometry":{"type":"LineString","coordinates":[[671695.5709468542,4014272.492215366],[671672.3201952035,4014241.846957818]]},"properties":{"FACNAME":"RANGE WASH - RAILROAD CHANNEL","W_FT":0,"D_H_FT":0,"FAC_DESC":"CONFLUENCE STRUCTURE","FACTYPE":33}},{"type":"Feature","geometry":{"type":"LineString","coordinates":[[672022.0530067919,4014670.7822828153],[671747.6300502035,4014332.2519114166],[671695.5709468542,4014272.492215366]]},"properties":{"FACNAME":"RANGE WASH - RAILROAD CHANNEL","W_FT":20,"D_H_FT":8.62,"FAC_DESC":"CONC CHNL 20'W 8.62'-13'D 0:1 SS","FACTYPE":3}},{"type":"Feature","geometry":{"type":"LineString","coordinates":[[669255.7751963797,4012187.6552095436],[669344.1509856771,4012189.4981529787],[669465.9928808138,4012193.972150381],[669490.0616435927,4012194.709647836],[669616.3114218281,4012206.521816922],[669627.6292808665,4012206.728317739],[669638.9061949508,4012206.089402001]]},"properties":{"FACNAME":"LAS VEGAS WASH - LOSEE","W_FT":8,"D_H_FT":5,"FAC_DESC":"8' X 5' RCB","FACTYPE":27}},{"type":"Feature","geometry":{"type":"LineString","coordinates":[[671613.1549437998,4015483.3047242532],[671614.6911532514,4015344.772603829]]},"properties":{"FACNAME":"RANGE WASH - WALNUT","W_FT":14,"D_H_FT":6,"FAC_DESC":"14' X 6' RCAP","FACTYPE":28}},{"type":"Feature","geometry":{"type":"LineString","coordinates":[[667995.7929621553,4012168.406772767],[668059.1239366308,4012134.0736755677]]},"properties":{"FACNAME":"LAS VEGAS WASH - MIDDLE","W_FT":8,"D_H_FT":8,"FAC_DESC":"7: 8' X 8' RCBC @ CRAIG","FACTYPE":19}},{"type":"Feature","geometry":{"type":"LineString","coordinates":[[669405.4728612567,4009969.768863794],[669462.0313581412,4009957.6945001576],[669510.9703725516,4009976.5665883766],[669567.0651850487,4009963.530011818],[669599.975142715,4009975.8286513686],[669620.2896320364,4009983.4203738975]]},"properties":{"FACNAME":"LAS VEGAS WASH - MIDDLE","W_FT":0,"D_H_FT":0,"FAC_DESC":"64,000 CFS PMF SPILLWAY (REPLACE W/ LVMD1644)","FACTYPE":10}},{"type":"Feature","geometry":{"type":"LineString","coordinates":[[670703.7465065786,4005689.9261007914],[670832.9906532604,4005689.8586488315],[671014.5453273829,4005689.629103606],[671332.7950040549,4005694.4297221694]]},"properties":{"FACNAME":"WASHINGTON AVENUE CHANNEL","W_FT":12,"D_H_FT":8,"FAC_DESC":"3: 12' X 8' RCB","FACTYPE":27}},{"type":"Feature","geometry":{"type":"LineString","coordinates":[[670799.0290054171,4014714.082951674],[670802.2668745851,4014518.012835824]]},"properties":{"FACNAME":"RANGE WASH - WEST TRIBUTARY","W_FT":18,"D_H_FT":6.9,"FAC_DESC":"18' X 6.9' RCAP","FACTYPE":28}}],"metadata":{"source":"Clark County Regional Flood Control District FacilitiesComplete Channels layer","sourceUrl":"https://breccia.ccrfcd.org/ArcGIS/rest/services/FacilitiesComplete/MapServer/0","retrieved":"2026-10-03","spatialReference":"EPSG:32611","extentEPSG32611":[668000,4005000,683000,4018000],"important":"Published surface/subsurface flood-control channel alignments only. Their elevation and human-accessible entrances are not supplied; playable entry shafts and walkable tunnels are fictional."}}
